"Year","State","Break1","Break2","Slope1","Slope2","Slope3","Val1","Val2","Val3","PeakWeek","UpSlope","DownSlope","PeakVal","PopDensity","Under18","Lat","MeanMaxTemp","OctMaxTemp","NovMaxTemp","DecMaxTemp","JanMaxTemp","FebMaxTemp","MarMaxTemp","AprMaxTemp","MayMaxTemp","JunMaxTemp","JulMaxTemp","AugMaxTemp","SepMaxTemp","MeanMaxRelHum","OctMaxRelHum","NovMaxRelHum","DecMaxRelHum","JanMaxRelHum","FebMaxRelHum","MarMaxRelHum","AprMaxRelHum","MayMaxRelHum","JunMaxRelHum","JulMaxRelHum","AugMaxRelHum","SepMaxRelHum","MeanMinRelHum","OctMinRelHum","NovMinRelHum","DecMinRelHum","JanMinRelHum","FebMinRelHum","MarMinRelHum","AprMinRelHum","MayMinRelHum","JunMinRelHum","JulMinRelHum","AugMinRelHum","SepMinRelHum"
2010,"Alabama",0,0,0,0,0,0,0,0,0,0,0,0,0,0,32.5901,0,0,0,0,0,0,0,0,0,0,0,0,0,0,0,0,0,0,0,0,0,0,0,0,0,0,0,0,0,0,0,0,0,0,0,0,0,0,0
2010,"Alaska",0,0,0,0,0,0,0,0,0,0,0,0,0,0,49.25,0,0,0,0,0,0,0,0,0,0,0,0,0,0,0,0,0,0,0,0,0,0,0,0,0,0,0,0,0,0,0,0,0,0,0,0,0,0,0
2010,"Arizona",0,0,0,0,0,0,0,0,0,0,0,0,0,0,34.2192,0,0,0,0,0,0,0,0,0,0,0,0,0,0,0,0,0,0,0,0,0,0,0,0,0,0,0,0,0,0,0,0,0,0,0,0,0,0,0
2010,"Arkansas",0,0,0,0,0,0,0,0,0,0,0,0,0,0,34.7336,0,0,0,0,0,0,0,0,0,0,0,0,0,0,0,0,0,0,0,0,0,0,0,0,0,0,0,0,0,0,0,0,0,0,0,0,0,0,0
2010,"California",0,0,0,0,0,0,0,0,0,0,0,0,0,0,36.5341,0,0,0,0,0,0,0,0,0,0,0,0,0,0,0,0,0,0,0,0,0,0,0,0,0,0,0,0,0,0,0,0,0,0,0,0,0,0,0
2010,"Colorado",0,0,0,0,0,0,0,0,0,0,0,0,0,0,38.6777,0,0,0,0,0,0,0,0,0,0,0,0,0,0,0,0,0,0,0,0,0,0,0,0,0,0,0,0,0,0,0,0,0,0,0,0,0,0,0
2010,"Connecticut",0,0,0,0,0,0,0,0,0,0,0,0,0,0,41.5928,0,0,0,0,0,0,0,0,0,0,0,0,0,0,0,0,0,0,0,0,0,0,0,0,0,0,0,0,0,0,0,0,0,0,0,0,0,0,0
2010,"Delaware",0,0,0,0,0,0,0,0,0,0,0,0,0,0,38.6777,0,0,0,0,0,0,0,0,0,0,0,0,0,0,0,0,0,0,0,0,0,0,0,0,0,0,0,0,0,0,0,0,0,0,0,0,0,0,0
2010,"District of Columbia",0,0,0,0,0,0,0,0,0,0,0,0,0,0,38.9072,0,0,0,0,0,0,0,0,0,0,0,0,0,0,0,0,0,0,0,0,0,0,0,0,0,0,0,0,0,0,0,0,0,0,0,0,0,0,0
2010,"Florida",0,0,0,0,0,0,0,0,0,0,0,0,0,0,27.8744,0,0,0,0,0,0,0,0,0,0,0,0,0,0,0,0,0,0,0,0,0,0,0,0,0,0,0,0,0,0,0,0,0,0,0,0,0,0,0
2010,"Georgia",0,0,0,0,0,0,0,0,0,0,0,0,0,0,32.3329,0,0,0,0,0,0,0,0,0,0,0,0,0,0,0,0,0,0,0,0,0,0,0,0,0,0,0,0,0,0,0,0,0,0,0,0,0,0,0
2010,"Hawaii",0,0,0,0,0,0,0,0,0,0,0,0,0,0,31.75,0,0,0,0,0,0,0,0,0,0,0,0,0,0,0,0,0,0,0,0,0,0,0,0,0,0,0,0,0,0,0,0,0,0,0,0,0,0,0
2010,"Idaho",0,0,0,0,0,0,0,0,0,0,0,0,0,0,43.5648,0,0,0,0,0,0,0,0,0,0,0,0,0,0,0,0,0,0,0,0,0,0,0,0,0,0,0,0,0,0,0,0,0,0,0,0,0,0,0
2010,"Illinois",0,0,0,0,0,0,0,0,0,0,0,0,0,0,40.0495,0,0,0,0,0,0,0,0,0,0,0,0,0,0,0,0,0,0,0,0,0,0,0,0,0,0,0,0,0,0,0,0,0,0,0,0,0,0,0
2010,"Indiana",0,0,0,0,0,0,0,0,0,0,0,0,0,0,40.0495,0,0,0,0,0,0,0,0,0,0,0,0,0,0,0,0,0,0,0,0,0,0,0,0,0,0,0,0,0,0,0,0,0,0,0,0,0,0,0
2010,"Iowa",0,0,0,0,0,0,0,0,0,0,0,0,0,0,41.9358,0,0,0,0,0,0,0,0,0,0,0,0,0,0,0,0,0,0,0,0,0,0,0,0,0,0,0,0,0,0,0,0,0,0,0,0,0,0,0
2010,"Kansas",0,0,0,0,0,0,0,0,0,0,0,0,0,0,38.4204,0,0,0,0,0,0,0,0,0,0,0,0,0,0,0,0,0,0,0,0,0,0,0,0,0,0,0,0,0,0,0,0,0,0,0,0,0,0,0
2010,"Kentucky",0,0,0,0,0,0,0,0,0,0,0,0,0,0,37.3915,0,0,0,0,0,0,0,0,0,0,0,0,0,0,0,0,0,0,0,0,0,0,0,0,0,0,0,0,0,0,0,0,0,0,0,0,0,0,0
2010,"Louisiana",0,0,0,0,0,0,0,0,0,0,0,0,0,0,30.6181,0,0,0,0,0,0,0,0,0,0,0,0,0,0,0,0,0,0,0,0,0,0,0,0,0,0,0,0,0,0,0,0,0,0,0,0,0,0,0
2010,"Maine",0,0,0,0,0,0,0,0,0,0,0,0,0,0,45.6226,0,0,0,0,0,0,0,0,0,0,0,0,0,0,0,0,0,0,0,0,0,0,0,0,0,0,0,0,0,0,0,0,0,0,0,0,0,0,0
2010,"Maryland",0,0,0,0,0,0,0,0,0,0,0,0,0,0,39.2778,0,0,0,0,0,0,0,0,0,0,0,0,0,0,0,0,0,0,0,0,0,0,0,0,0,0,0,0,0,0,0,0,0,0,0,0,0,0,0
2010,"Massachusetts",0,0,0,0,0,0,0,0,0,0,0,0,0,0,42.3645,0,0,0,0,0,0,0,0,0,0,0,0,0,0,0,0,0,0,0,0,0,0,0,0,0,0,0,0,0,0,0,0,0,0,0,0,0,0,0
2010,"Michigan",0,0,0,0,0,0,0,0,0,0,0,0,0,0,43.1361,0,0,0,0,0,0,0,0,0,0,0,0,0,0,0,0,0,0,0,0,0,0,0,0,0,0,0,0,0,0,0,0,0,0,0,0,0,0,0
2010,"Minnesota",0,0,0,0,0,0,0,0,0,0,0,0,0,0,46.3943,0,0,0,0,0,0,0,0,0,0,0,0,0,0,0,0,0,0,0,0,0,0,0,0,0,0,0,0,0,0,0,0,0,0,0,0,0,0,0
2010,"Mississippi",0,0,0,0,0,0,0,0,0,0,0,0,0,0,32.6758,0,0,0,0,0,0,0,0,0,0,0,0,0,0,0,0,0,0,0,0,0,0,0,0,0,0,0,0,0,0,0,0,0,0,0,0,0,0,0
2010,"Missouri",0,0,0,0,0,0,0,0,0,0,0,0,0,0,38.3347,0,0,0,0,0,0,0,0,0,0,0,0,0,0,0,0,0,0,0,0,0,0,0,0,0,0,0,0,0,0,0,0,0,0,0,0,0,0,0
2010,"Montana",0,0,0,0,0,0,0,0,0,0,0,0,0,0,46.823,0,0,0,0,0,0,0,0,0,0,0,0,0,0,0,0,0,0,0,0,0,0,0,0,0,0,0,0,0,0,0,0,0,0,0,0,0,0,0
2010,"Nebraska",0,0,0,0,0,0,0,0,0,0,0,0,0,0,41.3356,0,0,0,0,0,0,0,0,0,0,0,0,0,0,0,0,0,0,0,0,0,0,0,0,0,0,0,0,0,0,0,0,0,0,0,0,0,0,0
2010,"Nevada",0,0,0,0,0,0,0,0,0,0,0,0,0,0,39.1063,0,0,0,0,0,0,0,0,0,0,0,0,0,0,0,0,0,0,0,0,0,0,0,0,0,0,0,0,0,0,0,0,0,0,0,0,0,0,0
2010,"New Hampshire",0,0,0,0,0,0,0,0,0,0,0,0,0,0,43.3934,0,0,0,0,0,0,0,0,0,0,0,0,0,0,0,0,0,0,0,0,0,0,0,0,0,0,0,0,0,0,0,0,0,0,0,0,0,0,0
2010,"New Jersey",0,0,0,0,0,0,0,0,0,0,0,0,0,0,39.9637,0,0,0,0,0,0,0,0,0,0,0,0,0,0,0,0,0,0,0,0,0,0,0,0,0,0,0,0,0,0,0,0,0,0,0,0,0,0,0
2010,"New Mexico",0,0,0,0,0,0,0,0,0,0,0,0,0,0,34.4764,0,0,0,0,0,0,0,0,0,0,0,0,0,0,0,0,0,0,0,0,0,0,0,0,0,0,0,0,0,0,0,0,0,0,0,0,0,0,0
2010,"New York",0,0,0,0,0,0,0,0,0,0,0,0,0,0,43.1361,0,0,0,0,0,0,0,0,0,0,0,0,0,0,0,0,0,0,0,0,0,0,0,0,0,0,0,0,0,0,0,0,0,0,0,0,0,0,0
2010,"North Carolina",0,0,0,0,0,0,0,0,0,0,0,0,0,0,35.4195,0,0,0,0,0,0,0,0,0,0,0,0,0,0,0,0,0,0,0,0,0,0,0,0,0,0,0,0,0,0,0,0,0,0,0,0,0,0,0
2010,"North Dakota",0,0,0,0,0,0,0,0,0,0,0,0,0,0,47.2517,0,0,0,0,0,0,0,0,0,0,0,0,0,0,0,0,0,0,0,0,0,0,0,0,0,0,0,0,0,0,0,0,0,0,0,0,0,0,0
2010,"Ohio",0,0,0,0,0,0,0,0,0,0,0,0,0,0,40.221,0,0,0,0,0,0,0,0,0,0,0,0,0,0,0,0,0,0,0,0,0,0,0,0,0,0,0,0,0,0,0,0,0,0,0,0,0,0,0
2010,"Oklahoma",0,0,0,0,0,0,0,0,0,0,0,0,0,0,35.5053,0,0,0,0,0,0,0,0,0,0,0,0,0,0,0,0,0,0,0,0,0,0,0,0,0,0,0,0,0,0,0,0,0,0,0,0,0,0,0
2010,"Oregon",0,0,0,0,0,0,0,0,0,0,0,0,0,0,43.9078,0,0,0,0,0,0,0,0,0,0,0,0,0,0,0,0,0,0,0,0,0,0,0,0,0,0,0,0,0,0,0,0,0,0,0,0,0,0,0
2010,"Pennsylvania",0,0,0,0,0,0,0,0,0,0,0,0,0,0,40.9069,0,0,0,0,0,0,0,0,0,0,0,0,0,0,0,0,0,0,0,0,0,0,0,0,0,0,0,0,0,0,0,0,0,0,0,0,0,0,0
2010,"Rhode Island",0,0,0,0,0,0,0,0,0,0,0,0,0,0,41.5928,0,0,0,0,0,0,0,0,0,0,0,0,0,0,0,0,0,0,0,0,0,0,0,0,0,0,0,0,0,0,0,0,0,0,0,0,0,0,0
2010,"South Carolina",0,0,0,0,0,0,0,0,0,0,0,0,0,0,33.619,0,0,0,0,0,0,0,0,0,0,0,0,0,0,0,0,0,0,0,0,0,0,0,0,0,0,0,0,0,0,0,0,0,0,0,0,0,0,0
2010,"South Dakota",0,0,0,0,0,0,0,0,0,0,0,0,0,0,44.3365,0,0,0,0,0,0,0,0,0,0,0,0,0,0,0,0,0,0,0,0,0,0,0,0,0,0,0,0,0,0,0,0,0,0,0,0,0,0,0
2010,"Tennessee",0,0,0,0,0,0,0,0,0,0,0,0,0,0,35.6767,0,0,0,0,0,0,0,0,0,0,0,0,0,0,0,0,0,0,0,0,0,0,0,0,0,0,0,0,0,0,0,0,0,0,0,0,0,0,0
2010,"Texas",0,0,0,0,0,0,0,0,0,0,0,0,0,0,31.3897,0,0,0,0,0,0,0,0,0,0,0,0,0,0,0,0,0,0,0,0,0,0,0,0,0,0,0,0,0,0,0,0,0,0,0,0,0,0,0
2010,"Utah",0,0,0,0,0,0,0,0,0,0,0,0,0,0,39.1063,0,0,0,0,0,0,0,0,0,0,0,0,0,0,0,0,0,0,0,0,0,0,0,0,0,0,0,0,0,0,0,0,0,0,0,0,0,0,0
2010,"Vermont",0,0,0,0,0,0,0,0,0,0,0,0,0,0,44.2508,0,0,0,0,0,0,0,0,0,0,0,0,0,0,0,0,0,0,0,0,0,0,0,0,0,0,0,0,0,0,0,0,0,0,0,0,0,0,0
2010,"Virginia",0,0,0,0,0,0,0,0,0,0,0,0,0,0,37.563,0,0,0,0,0,0,0,0,0,0,0,0,0,0,0,0,0,0,0,0,0,0,0,0,0,0,0,0,0,0,0,0,0,0,0,0,0,0,0
2010,"Washington",0,0,0,0,0,0,0,0,0,0,0,0,0,0,47.4231,0,0,0,0,0,0,0,0,0,0,0,0,0,0,0,0,0,0,0,0,0,0,0,0,0,0,0,0,0,0,0,0,0,0,0,0,0,0,0
2010,"West Virginia",0,0,0,0,0,0,0,0,0,0,0,0,0,0,38.4204,0,0,0,0,0,0,0,0,0,0,0,0,0,0,0,0,0,0,0,0,0,0,0,0,0,0,0,0,0,0,0,0,0,0,0,0,0,0,0
2010,"Wisconsin",0,0,0,0,0,0,0,0,0,0,0,0,0,0,44.5937,0,0,0,0,0,0,0,0,0,0,0,0,0,0,0,0,0,0,0,0,0,0,0,0,0,0,0,0,0,0,0,0,0,0,0,0,0,0,0
2010,"Wyoming",0,0,0,0,0,0,0,0,0,0,0,0,0,0,43.0504,0,0,0,0,0,0,0,0,0,0,0,0,0,0,0,0,0,0,0,0,0,0,0,0,0,0,0,0,0,0,0,0,0,0,0,0,0,0,0
2010,"Puerto Rico",0,0,0,0,0,0,0,0,0,0,0,0,0,0,18.2208,0,0,0,0,0,0,0,0,0,0,0,0,0,0,0,0,0,0,0,0,0,0,0,0,0,0,0,0,0,0,0,0,0,0,0,0,0,0,0
2011,"Alabama",0,0,0,0,0,0,0,0,0,0,0,0,0,0,32.5901,0,0,0,0,0,0,0,0,0,0,0,0,0,0,0,0,0,0,0,0,0,0,0,0,0,0,0,0,0,0,0,0,0,0,0,0,0,0,0
2011,"Alaska",0,0,0,0,0,0,0,0,0,0,0,0,0,0,49.25,0,0,0,0,0,0,0,0,0,0,0,0,0,0,0,0,0,0,0,0,0,0,0,0,0,0,0,0,0,0,0,0,0,0,0,0,0,0,0
2011,"Arizona",0,0,0,0,0,0,0,0,0,0,0,0,0,0,34.2192,0,0,0,0,0,0,0,0,0,0,0,0,0,0,0,0,0,0,0,0,0,0,0,0,0,0,0,0,0,0,0,0,0,0,0,0,0,0,0
2011,"Arkansas",0,0,0,0,0,0,0,0,0,0,0,0,0,0,34.7336,0,0,0,0,0,0,0,0,0,0,0,0,0,0,0,0,0,0,0,0,0,0,0,0,0,0,0,0,0,0,0,0,0,0,0,0,0,0,0
2011,"California",0,0,0,0,0,0,0,0,0,0,0,0,0,0,36.5341,0,0,0,0,0,0,0,0,0,0,0,0,0,0,0,0,0,0,0,0,0,0,0,0,0,0,0,0,0,0,0,0,0,0,0,0,0,0,0
2011,"Colorado",0,0,0,0,0,0,0,0,0,0,0,0,0,0,38.6777,0,0,0,0,0,0,0,0,0,0,0,0,0,0,0,0,0,0,0,0,0,0,0,0,0,0,0,0,0,0,0,0,0,0,0,0,0,0,0
2011,"Connecticut",0,0,0,0,0,0,0,0,0,0,0,0,0,0,41.5928,0,0,0,0,0,0,0,0,0,0,0,0,0,0,0,0,0,0,0,0,0,0,0,0,0,0,0,0,0,0,0,0,0,0,0,0,0,0,0
2011,"Delaware",0,0,0,0,0,0,0,0,0,0,0,0,0,0,38.6777,0,0,0,0,0,0,0,0,0,0,0,0,0,0,0,0,0,0,0,0,0,0,0,0,0,0,0,0,0,0,0,0,0,0,0,0,0,0,0
2011,"District of Columbia",0,0,0,0,0,0,0,0,0,0,0,0,0,0,38.9072,0,0,0,0,0,0,0,0,0,0,0,0,0,0,0,0,0,0,0,0,0,0,0,0,0,0,0,0,0,0,0,0,0,0,0,0,0,0,0
2011,"Florida",0,0,0,0,0,0,0,0,0,0,0,0,0,0,27.8744,0,0,0,0,0,0,0,0,0,0,0,0,0,0,0,0,0,0,0,0,0,0,0,0,0,0,0,0,0,0,0,0,0,0,0,0,0,0,0
2011,"Georgia",0,0,0,0,0,0,0,0,0,0,0,0,0,0,32.3329,0,0,0,0,0,0,0,0,0,0,0,0,0,0,0,0,0,0,0,0,0,0,0,0,0,0,0,0,0,0,0,0,0,0,0,0,0,0,0
2011,"Hawaii",0,0,0,0,0,0,0,0,0,0,0,0,0,0,31.75,0,0,0,0,0,0,0,0,0,0,0,0,0,0,0,0,0,0,0,0,0,0,0,0,0,0,0,0,0,0,0,0,0,0,0,0,0,0,0
2011,"Idaho",0,0,0,0,0,0,0,0,0,0,0,0,0,0,43.5648,0,0,0,0,0,0,0,0,0,0,0,0,0,0,0,0,0,0,0,0,0,0,0,0,0,0,0,0,0,0,0,0,0,0,0,0,0,0,0
2011,"Illinois",0,0,0,0,0,0,0,0,0,0,0,0,0,0,40.0495,0,0,0,0,0,0,0,0,0,0,0,0,0,0,0,0,0,0,0,0,0,0,0,0,0,0,0,0,0,0,0,0,0,0,0,0,0,0,0
2011,"Indiana",0,0,0,0,0,0,0,0,0,0,0,0,0,0,40.0495,0,0,0,0,0,0,0,0,0,0,0,0,0,0,0,0,0,0,0,0,0,0,0,0,0,0,0,0,0,0,0,0,0,0,0,0,0,0,0
2011,"Iowa",0,0,0,0,0,0,0,0,0,0,0,0,0,0,41.9358,0,0,0,0,0,0,0,0,0,0,0,0,0,0,0,0,0,0,0,0,0,0,0,0,0,0,0,0,0,0,0,0,0,0,0,0,0,0,0
2011,"Kansas",0,0,0,0,0,0,0,0,0,0,0,0,0,0,38.4204,0,0,0,0,0,0,0,0,0,0,0,0,0,0,0,0,0,0,0,0,0,0,0,0,0,0,0,0,0,0,0,0,0,0,0,0,0,0,0
2011,"Kentucky",0,0,0,0,0,0,0,0,0,0,0,0,0,0,37.3915,0,0,0,0,0,0,0,0,0,0,0,0,0,0,0,0,0,0,0,0,0,0,0,0,0,0,0,0,0,0,0,0,0,0,0,0,0,0,0
2011,"Louisiana",0,0,0,0,0,0,0,0,0,0,0,0,0,0,30.6181,0,0,0,0,0,0,0,0,0,0,0,0,0,0,0,0,0,0,0,0,0,0,0,0,0,0,0,0,0,0,0,0,0,0,0,0,0,0,0
2011,"Maine",0,0,0,0,0,0,0,0,0,0,0,0,0,0,45.6226,0,0,0,0,0,0,0,0,0,0,0,0,0,0,0,0,0,0,0,0,0,0,0,0,0,0,0,0,0,0,0,0,0,0,0,0,0,0,0
2011,"Maryland",0,0,0,0,0,0,0,0,0,0,0,0,0,0,39.2778,0,0,0,0,0,0,0,0,0,0,0,0,0,0,0,0,0,0,0,0,0,0,0,0,0,0,0,0,0,0,0,0,0,0,0,0,0,0,0
2011,"Massachusetts",0,0,0,0,0,0,0,0,0,0,0,0,0,0,42.3645,0,0,0,0,0,0,0,0,0,0,0,0,0,0,0,0,0,0,0,0,0,0,0,0,0,0,0,0,0,0,0,0,0,0,0,0,0,0,0
2011,"Michigan",0,0,0,0,0,0,0,0,0,0,0,0,0,0,43.1361,0,0,0,0,0,0,0,0,0,0,0,0,0,0,0,0,0,0,0,0,0,0,0,0,0,0,0,0,0,0,0,0,0,0,0,0,0,0,0
2011,"Minnesota",0,0,0,0,0,0,0,0,0,0,0,0,0,0,46.3943,0,0,0,0,0,0,0,0,0,0,0,0,0,0,0,0,0,0,0,0,0,0,0,0,0,0,0,0,0,0,0,0,0,0,0,0,0,0,0
2011,"Mississippi",0,0,0,0,0,0,0,0,0,0,0,0,0,0,32.6758,0,0,0,0,0,0,0,0,0,0,0,0,0,0,0,0,0,0,0,0,0,0,0,0,0,0,0,0,0,0,0,0,0,0,0,0,0,0,0
2011,"Missouri",0,0,0,0,0,0,0,0,0,0,0,0,0,0,38.3347,0,0,0,0,0,0,0,0,0,0,0,0,0,0,0,0,0,0,0,0,0,0,0,0,0,0,0,0,0,0,0,0,0,0,0,0,0,0,0
2011,"Montana",0,0,0,0,0,0,0,0,0,0,0,0,0,0,46.823,0,0,0,0,0,0,0,0,0,0,0,0,0,0,0,0,0,0,0,0,0,0,0,0,0,0,0,0,0,0,0,0,0,0,0,0,0,0,0
2011,"Nebraska",0,0,0,0,0,0,0,0,0,0,0,0,0,0,41.3356,0,0,0,0,0,0,0,0,0,0,0,0,0,0,0,0,0,0,0,0,0,0,0,0,0,0,0,0,0,0,0,0,0,0,0,0,0,0,0
2011,"Nevada",0,0,0,0,0,0,0,0,0,0,0,0,0,0,39.1063,0,0,0,0,0,0,0,0,0,0,0,0,0,0,0,0,0,0,0,0,0,0,0,0,0,0,0,0,0,0,0,0,0,0,0,0,0,0,0
2011,"New Hampshire",0,0,0,0,0,0,0,0,0,0,0,0,0,0,43.3934,0,0,0,0,0,0,0,0,0,0,0,0,0,0,0,0,0,0,0,0,0,0,0,0,0,0,0,0,0,0,0,0,0,0,0,0,0,0,0
2011,"New Jersey",0,0,0,0,0,0,0,0,0,0,0,0,0,0,39.9637,0,0,0,0,0,0,0,0,0,0,0,0,0,0,0,0,0,0,0,0,0,0,0,0,0,0,0,0,0,0,0,0,0,0,0,0,0,0,0
2011,"New Mexico",0,0,0,0,0,0,0,0,0,0,0,0,0,0,34.4764,0,0,0,0,0,0,0,0,0,0,0,0,0,0,0,0,0,0,0,0,0,0,0,0,0,0,0,0,0,0,0,0,0,0,0,0,0,0,0
2011,"New York",0,0,0,0,0,0,0,0,0,0,0,0,0,0,43.1361,0,0,0,0,0,0,0,0,0,0,0,0,0,0,0,0,0,0,0,0,0,0,0,0,0,0,0,0,0,0,0,0,0,0,0,0,0,0,0
2011,"North Carolina",0,0,0,0,0,0,0,0,0,0,0,0,0,0,35.4195,0,0,0,0,0,0,0,0,0,0,0,0,0,0,0,0,0,0,0,0,0,0,0,0,0,0,0,0,0,0,0,0,0,0,0,0,0,0,0
2011,"North Dakota",0,0,0,0,0,0,0,0,0,0,0,0,0,0,47.2517,0,0,0,0,0,0,0,0,0,0,0,0,0,0,0,0,0,0,0,0,0,0,0,0,0,0,0,0,0,0,0,0,0,0,0,0,0,0,0
2011,"Ohio",0,0,0,0,0,0,0,0,0,0,0,0,0,0,40.221,0,0,0,0,0,0,0,0,0,0,0,0,0,0,0,0,0,0,0,0,0,0,0,0,0,0,0,0,0,0,0,0,0,0,0,0,0,0,0
2011,"Oklahoma",0,0,0,0,0,0,0,0,0,0,0,0,0,0,35.5053,0,0,0,0,0,0,0,0,0,0,0,0,0,0,0,0,0,0,0,0,0,0,0,0,0,0,0,0,0,0,0,0,0,0,0,0,0,0,0
2011,"Oregon",0,0,0,0,0,0,0,0,0,0,0,0,0,0,43.9078,0,0,0,0,0,0,0,0,0,0,0,0,0,0,0,0,0,0,0,0,0,0,0,0,0,0,0,0,0,0,0,0,0,0,0,0,0,0,0
2011,"Pennsylvania",0,0,0,0,0,0,0,0,0,0,0,0,0,0,40.9069,0,0,0,0,0,0,0,0,0,0,0,0,0,0,0,0,0,0,0,0,0,0,0,0,0,0,0,0,0,0,0,0,0,0,0,0,0,0,0
2011,"Rhode Island",0,0,0,0,0,0,0,0,0,0,0,0,0,0,41.5928,0,0,0,0,0,0,0,0,0,0,0,0,0,0,0,0,0,0,0,0,0,0,0,0,0,0,0,0,0,0,0,0,0,0,0,0,0,0,0
2011,"South Carolina",0,0,0,0,0,0,0,0,0,0,0,0,0,0,33.619,0,0,0,0,0,0,0,0,0,0,0,0,0,0,0,0,0,0,0,0,0,0,0,0,0,0,0,0,0,0,0,0,0,0,0,0,0,0,0
2011,"South Dakota",0,0,0,0,0,0,0,0,0,0,0,0,0,0,44.3365,0,0,0,0,0,0,0,0,0,0,0,0,0,0,0,0,0,0,0,0,0,0,0,0,0,0,0,0,0,0,0,0,0,0,0,0,0,0,0
2011,"Tennessee",0,0,0,0,0,0,0,0,0,0,0,0,0,0,35.6767,0,0,0,0,0,0,0,0,0,0,0,0,0,0,0,0,0,0,0,0,0,0,0,0,0,0,0,0,0,0,0,0,0,0,0,0,0,0,0
2011,"Texas",0,0,0,0,0,0,0,0,0,0,0,0,0,0,31.3897,0,0,0,0,0,0,0,0,0,0,0,0,0,0,0,0,0,0,0,0,0,0,0,0,0,0,0,0,0,0,0,0,0,0,0,0,0,0,0
2011,"Utah",0,0,0,0,0,0,0,0,0,0,0,0,0,0,39.1063,0,0,0,0,0,0,0,0,0,0,0,0,0,0,0,0,0,0,0,0,0,0,0,0,0,0,0,0,0,0,0,0,0,0,0,0,0,0,0
2011,"Vermont",0,0,0,0,0,0,0,0,0,0,0,0,0,0,44.2508,0,0,0,0,0,0,0,0,0,0,0,0,0,0,0,0,0,0,0,0,0,0,0,0,0,0,0,0,0,0,0,0,0,0,0,0,0,0,0
2011,"Virginia",0,0,0,0,0,0,0,0,0,0,0,0,0,0,37.563,0,0,0,0,0,0,0,0,0,0,0,0,0,0,0,0,0,0,0,0,0,0,0,0,0,0,0,0,0,0,0,0,0,0,0,0,0,0,0
2011,"Washington",0,0,0,0,0,0,0,0,0,0,0,0,0,0,47.4231,0,0,0,0,0,0,0,0,0,0,0,0,0,0,0,0,0,0,0,0,0,0,0,0,0,0,0,0,0,0,0,0,0,0,0,0,0,0,0
2011,"West Virginia",0,0,0,0,0,0,0,0,0,0,0,0,0,0,38.4204,0,0,0,0,0,0,0,0,0,0,0,0,0,0,0,0,0,0,0,0,0,0,0,0,0,0,0,0,0,0,0,0,0,0,0,0,0,0,0
2011,"Wisconsin",0,0,0,0,0,0,0,0,0,0,0,0,0,0,44.5937,0,0,0,0,0,0,0,0,0,0,0,0,0,0,0,0,0,0,0,0,0,0,0,0,0,0,0,0,0,0,0,0,0,0,0,0,0,0,0
2011,"Wyoming",0,0,0,0,0,0,0,0,0,0,0,0,0,0,43.0504,0,0,0,0,0,0,0,0,0,0,0,0,0,0,0,0,0,0,0,0,0,0,0,0,0,0,0,0,0,0,0,0,0,0,0,0,0,0,0
2011,"Puerto Rico",0,0,0,0,0,0,0,0,0,0,0,0,0,0,18.2208,0,0,0,0,0,0,0,0,0,0,0,0,0,0,0,0,0,0,0,0,0,0,0,0,0,0,0,0,0,0,0,0,0,0,0,0,0,0,0
2012,"Alabama",0,0,0,0,0,0,0,0,0,0,0,0,0,0,32.5901,0,0,0,0,0,0,0,0,0,0,0,0,0,0,0,0,0,0,0,0,0,0,0,0,0,0,0,0,0,0,0,0,0,0,0,0,0,0,0
2012,"Alaska",0,0,0,0,0,0,0,0,0,0,0,0,0,0,49.25,0,0,0,0,0,0,0,0,0,0,0,0,0,0,0,0,0,0,0,0,0,0,0,0,0,0,0,0,0,0,0,0,0,0,0,0,0,0,0
2012,"Arizona",0,0,0,0,0,0,0,0,0,0,0,0,0,0,34.2192,0,0,0,0,0,0,0,0,0,0,0,0,0,0,0,0,0,0,0,0,0,0,0,0,0,0,0,0,0,0,0,0,0,0,0,0,0,0,0
2012,"Arkansas",0,0,0,0,0,0,0,0,0,0,0,0,0,0,34.7336,0,0,0,0,0,0,0,0,0,0,0,0,0,0,0,0,0,0,0,0,0,0,0,0,0,0,0,0,0,0,0,0,0,0,0,0,0,0,0
2012,"California",0,0,0,0,0,0,0,0,0,0,0,0,0,0,36.5341,0,0,0,0,0,0,0,0,0,0,0,0,0,0,0,0,0,0,0,0,0,0,0,0,0,0,0,0,0,0,0,0,0,0,0,0,0,0,0
2012,"Colorado",0,0,0,0,0,0,0,0,0,0,0,0,0,0,38.6777,0,0,0,0,0,0,0,0,0,0,0,0,0,0,0,0,0,0,0,0,0,0,0,0,0,0,0,0,0,0,0,0,0,0,0,0,0,0,0
2012,"Connecticut",0,0,0,0,0,0,0,0,0,0,0,0,0,0,41.5928,0,0,0,0,0,0,0,0,0,0,0,0,0,0,0,0,0,0,0,0,0,0,0,0,0,0,0,0,0,0,0,0,0,0,0,0,0,0,0
2012,"Delaware",0,0,0,0,0,0,0,0,0,0,0,0,0,0,38.6777,0,0,0,0,0,0,0,0,0,0,0,0,0,0,0,0,0,0,0,0,0,0,0,0,0,0,0,0,0,0,0,0,0,0,0,0,0,0,0
2012,"District of Columbia",0,0,0,0,0,0,0,0,0,0,0,0,0,0,38.9072,0,0,0,0,0,0,0,0,0,0,0,0,0,0,0,0,0,0,0,0,0,0,0,0,0,0,0,0,0,0,0,0,0,0,0,0,0,0,0
2012,"Florida",0,0,0,0,0,0,0,0,0,0,0,0,0,0,27.8744,0,0,0,0,0,0,0,0,0,0,0,0,0,0,0,0,0,0,0,0,0,0,0,0,0,0,0,0,0,0,0,0,0,0,0,0,0,0,0
2012,"Georgia",0,0,0,0,0,0,0,0,0,0,0,0,0,0,32.3329,0,0,0,0,0,0,0,0,0,0,0,0,0,0,0,0,0,0,0,0,0,0,0,0,0,0,0,0,0,0,0,0,0,0,0,0,0,0,0
2012,"Hawaii",0,0,0,0,0,0,0,0,0,0,0,0,0,0,31.75,0,0,0,0,0,0,0,0,0,0,0,0,0,0,0,0,0,0,0,0,0,0,0,0,0,0,0,0,0,0,0,0,0,0,0,0,0,0,0
2012,"Idaho",0,0,0,0,0,0,0,0,0,0,0,0,0,0,43.5648,0,0,0,0,0,0,0,0,0,0,0,0,0,0,0,0,0,0,0,0,0,0,0,0,0,0,0,0,0,0,0,0,0,0,0,0,0,0,0
2012,"Illinois",0,0,0,0,0,0,0,0,0,0,0,0,0,0,40.0495,0,0,0,0,0,0,0,0,0,0,0,0,0,0,0,0,0,0,0,0,0,0,0,0,0,0,0,0,0,0,0,0,0,0,0,0,0,0,0
2012,"Indiana",0,0,0,0,0,0,0,0,0,0,0,0,0,0,40.0495,0,0,0,0,0,0,0,0,0,0,0,0,0,0,0,0,0,0,0,0,0,0,0,0,0,0,0,0,0,0,0,0,0,0,0,0,0,0,0
2012,"Iowa",0,0,0,0,0,0,0,0,0,0,0,0,0,0,41.9358,0,0,0,0,0,0,0,0,0,0,0,0,0,0,0,0,0,0,0,0,0,0,0,0,0,0,0,0,0,0,0,0,0,0,0,0,0,0,0
2012,"Kansas",0,0,0,0,0,0,0,0,0,0,0,0,0,0,38.4204,0,0,0,0,0,0,0,0,0,0,0,0,0,0,0,0,0,0,0,0,0,0,0,0,0,0,0,0,0,0,0,0,0,0,0,0,0,0,0
2012,"Kentucky",0,0,0,0,0,0,0,0,0,0,0,0,0,0,37.3915,0,0,0,0,0,0,0,0,0,0,0,0,0,0,0,0,0,0,0,0,0,0,0,0,0,0,0,0,0,0,0,0,0,0,0,0,0,0,0
2012,"Louisiana",0,0,0,0,0,0,0,0,0,0,0,0,0,0,30.6181,0,0,0,0,0,0,0,0,0,0,0,0,0,0,0,0,0,0,0,0,0,0,0,0,0,0,0,0,0,0,0,0,0,0,0,0,0,0,0
2012,"Maine",0,0,0,0,0,0,0,0,0,0,0,0,0,0,45.6226,0,0,0,0,0,0,0,0,0,0,0,0,0,0,0,0,0,0,0,0,0,0,0,0,0,0,0,0,0,0,0,0,0,0,0,0,0,0,0
2012,"Maryland",0,0,0,0,0,0,0,0,0,0,0,0,0,0,39.2778,0,0,0,0,0,0,0,0,0,0,0,0,0,0,0,0,0,0,0,0,0,0,0,0,0,0,0,0,0,0,0,0,0,0,0,0,0,0,0
2012,"Massachusetts",0,0,0,0,0,0,0,0,0,0,0,0,0,0,42.3645,0,0,0,0,0,0,0,0,0,0,0,0,0,0,0,0,0,0,0,0,0,0,0,0,0,0,0,0,0,0,0,0,0,0,0,0,0,0,0
2012,"Michigan",0,0,0,0,0,0,0,0,0,0,0,0,0,0,43.1361,0,0,0,0,0,0,0,0,0,0,0,0,0,0,0,0,0,0,0,0,0,0,0,0,0,0,0,0,0,0,0,0,0,0,0,0,0,0,0
2012,"Minnesota",0,0,0,0,0,0,0,0,0,0,0,0,0,0,46.3943,0,0,0,0,0,0,0,0,0,0,0,0,0,0,0,0,0,0,0,0,0,0,0,0,0,0,0,0,0,0,0,0,0,0,0,0,0,0,0
2012,"Mississippi",0,0,0,0,0,0,0,0,0,0,0,0,0,0,32.6758,0,0,0,0,0,0,0,0,0,0,0,0,0,0,0,0,0,0,0,0,0,0,0,0,0,0,0,0,0,0,0,0,0,0,0,0,0,0,0
2012,"Missouri",0,0,0,0,0,0,0,0,0,0,0,0,0,0,38.3347,0,0,0,0,0,0,0,0,0,0,0,0,0,0,0,0,0,0,0,0,0,0,0,0,0,0,0,0,0,0,0,0,0,0,0,0,0,0,0
2012,"Montana",0,0,0,0,0,0,0,0,0,0,0,0,0,0,46.823,0,0,0,0,0,0,0,0,0,0,0,0,0,0,0,0,0,0,0,0,0,0,0,0,0,0,0,0,0,0,0,0,0,0,0,0,0,0,0
2012,"Nebraska",0,0,0,0,0,0,0,0,0,0,0,0,0,0,41.3356,0,0,0,0,0,0,0,0,0,0,0,0,0,0,0,0,0,0,0,0,0,0,0,0,0,0,0,0,0,0,0,0,0,0,0,0,0,0,0
2012,"Nevada",0,0,0,0,0,0,0,0,0,0,0,0,0,0,39.1063,0,0,0,0,0,0,0,0,0,0,0,0,0,0,0,0,0,0,0,0,0,0,0,0,0,0,0,0,0,0,0,0,0,0,0,0,0,0,0
2012,"New Hampshire",0,0,0,0,0,0,0,0,0,0,0,0,0,0,43.3934,0,0,0,0,0,0,0,0,0,0,0,0,0,0,0,0,0,0,0,0,0,0,0,0,0,0,0,0,0,0,0,0,0,0,0,0,0,0,0
2012,"New Jersey",0,0,0,0,0,0,0,0,0,0,0,0,0,0,39.9637,0,0,0,0,0,0,0,0,0,0,0,0,0,0,0,0,0,0,0,0,0,0,0,0,0,0,0,0,0,0,0,0,0,0,0,0,0,0,0
2012,"New Mexico",0,0,0,0,0,0,0,0,0,0,0,0,0,0,34.4764,0,0,0,0,0,0,0,0,0,0,0,0,0,0,0,0,0,0,0,0,0,0,0,0,0,0,0,0,0,0,0,0,0,0,0,0,0,0,0
2012,"New York",0,0,0,0,0,0,0,0,0,0,0,0,0,0,43.1361,0,0,0,0,0,0,0,0,0,0,0,0,0,0,0,0,0,0,0,0,0,0,0,0,0,0,0,0,0,0,0,0,0,0,0,0,0,0,0
2012,"North Carolina",0,0,0,0,0,0,0,0,0,0,0,0,0,0,35.4195,0,0,0,0,0,0,0,0,0,0,0,0,0,0,0,0,0,0,0,0,0,0,0,0,0,0,0,0,0,0,0,0,0,0,0,0,0,0,0
2012,"North Dakota",0,0,0,0,0,0,0,0,0,0,0,0,0,0,47.2517,0,0,0,0,0,0,0,0,0,0,0,0,0,0,0,0,0,0,0,0,0,0,0,0,0,0,0,0,0,0,0,0,0,0,0,0,0,0,0
2012,"Ohio",0,0,0,0,0,0,0,0,0,0,0,0,0,0,40.221,0,0,0,0,0,0,0,0,0,0,0,0,0,0,0,0,0,0,0,0,0,0,0,0,0,0,0,0,0,0,0,0,0,0,0,0,0,0,0
2012,"Oklahoma",0,0,0,0,0,0,0,0,0,0,0,0,0,0,35.5053,0,0,0,0,0,0,0,0,0,0,0,0,0,0,0,0,0,0,0,0,0,0,0,0,0,0,0,0,0,0,0,0,0,0,0,0,0,0,0
2012,"Oregon",0,0,0,0,0,0,0,0,0,0,0,0,0,0,43.9078,0,0,0,0,0,0,0,0,0,0,0,0,0,0,0,0,0,0,0,0,0,0,0,0,0,0,0,0,0,0,0,0,0,0,0,0,0,0,0
2012,"Pennsylvania",0,0,0,0,0,0,0,0,0,0,0,0,0,0,40.9069,0,0,0,0,0,0,0,0,0,0,0,0,0,0,0,0,0,0,0,0,0,0,0,0,0,0,0,0,0,0,0,0,0,0,0,0,0,0,0
2012,"Rhode Island",0,0,0,0,0,0,0,0,0,0,0,0,0,0,41.5928,0,0,0,0,0,0,0,0,0,0,0,0,0,0,0,0,0,0,0,0,0,0,0,0,0,0,0,0,0,0,0,0,0,0,0,0,0,0,0
2012,"South Carolina",0,0,0,0,0,0,0,0,0,0,0,0,0,0,33.619,0,0,0,0,0,0,0,0,0,0,0,0,0,0,0,0,0,0,0,0,0,0,0,0,0,0,0,0,0,0,0,0,0,0,0,0,0,0,0
2012,"South Dakota",0,0,0,0,0,0,0,0,0,0,0,0,0,0,44.3365,0,0,0,0,0,0,0,0,0,0,0,0,0,0,0,0,0,0,0,0,0,0,0,0,0,0,0,0,0,0,0,0,0,0,0,0,0,0,0
2012,"Tennessee",0,0,0,0,0,0,0,0,0,0,0,0,0,0,35.6767,0,0,0,0,0,0,0,0,0,0,0,0,0,0,0,0,0,0,0,0,0,0,0,0,0,0,0,0,0,0,0,0,0,0,0,0,0,0,0
2012,"Texas",0,0,0,0,0,0,0,0,0,0,0,0,0,0,31.3897,0,0,0,0,0,0,0,0,0,0,0,0,0,0,0,0,0,0,0,0,0,0,0,0,0,0,0,0,0,0,0,0,0,0,0,0,0,0,0
2012,"Utah",0,0,0,0,0,0,0,0,0,0,0,0,0,0,39.1063,0,0,0,0,0,0,0,0,0,0,0,0,0,0,0,0,0,0,0,0,0,0,0,0,0,0,0,0,0,0,0,0,0,0,0,0,0,0,0
2012,"Vermont",0,0,0,0,0,0,0,0,0,0,0,0,0,0,44.2508,0,0,0,0,0,0,0,0,0,0,0,0,0,0,0,0,0,0,0,0,0,0,0,0,0,0,0,0,0,0,0,0,0,0,0,0,0,0,0
2012,"Virginia",0,0,0,0,0,0,0,0,0,0,0,0,0,0,37.563,0,0,0,0,0,0,0,0,0,0,0,0,0,0,0,0,0,0,0,0,0,0,0,0,0,0,0,0,0,0,0,0,0,0,0,0,0,0,0
2012,"Washington",0,0,0,0,0,0,0,0,0,0,0,0,0,0,47.4231,0,0,0,0,0,0,0,0,0,0,0,0,0,0,0,0,0,0,0,0,0,0,0,0,0,0,0,0,0,0,0,0,0,0,0,0,0,0,0
2012,"West Virginia",0,0,0,0,0,0,0,0,0,0,0,0,0,0,38.4204,0,0,0,0,0,0,0,0,0,0,0,0,0,0,0,0,0,0,0,0,0,0,0,0,0,0,0,0,0,0,0,0,0,0,0,0,0,0,0
2012,"Wisconsin",0,0,0,0,0,0,0,0,0,0,0,0,0,0,44.5937,0,0,0,0,0,0,0,0,0,0,0,0,0,0,0,0,0,0,0,0,0,0,0,0,0,0,0,0,0,0,0,0,0,0,0,0,0,0,0
2012,"Wyoming",0,0,0,0,0,0,0,0,0,0,0,0,0,0,43.0504,0,0,0,0,0,0,0,0,0,0,0,0,0,0,0,0,0,0,0,0,0,0,0,0,0,0,0,0,0,0,0,0,0,0,0,0,0,0,0
2012,"Puerto Rico",0,0,0,0,0,0,0,0,0,0,0,0,0,0,18.2208,0,0,0,0,0,0,0,0,0,0,0,0,0,0,0,0,0,0,0,0,0,0,0,0,0,0,0,0,0,0,0,0,0,0,0,0,0,0,0
2013,"Alabama",0,0,0,0,0,0,0,0,0,0,0,0,0,0,32.5901,0,0,0,0,0,0,0,0,0,0,0,0,0,0,0,0,0,0,0,0,0,0,0,0,0,0,0,0,0,0,0,0,0,0,0,0,0,0,0
2013,"Alaska",0,0,0,0,0,0,0,0,0,0,0,0,0,0,49.25,0,0,0,0,0,0,0,0,0,0,0,0,0,0,0,0,0,0,0,0,0,0,0,0,0,0,0,0,0,0,0,0,0,0,0,0,0,0,0
2013,"Arizona",0,0,0,0,0,0,0,0,0,0,0,0,0,0,34.2192,0,0,0,0,0,0,0,0,0,0,0,0,0,0,0,0,0,0,0,0,0,0,0,0,0,0,0,0,0,0,0,0,0,0,0,0,0,0,0
2013,"Arkansas",0,0,0,0,0,0,0,0,0,0,0,0,0,0,34.7336,0,0,0,0,0,0,0,0,0,0,0,0,0,0,0,0,0,0,0,0,0,0,0,0,0,0,0,0,0,0,0,0,0,0,0,0,0,0,0
2013,"California",0,0,0,0,0,0,0,0,0,0,0,0,0,0,36.5341,0,0,0,0,0,0,0,0,0,0,0,0,0,0,0,0,0,0,0,0,0,0,0,0,0,0,0,0,0,0,0,0,0,0,0,0,0,0,0
2013,"Colorado",0,0,0,0,0,0,0,0,0,0,0,0,0,0,38.6777,0,0,0,0,0,0,0,0,0,0,0,0,0,0,0,0,0,0,0,0,0,0,0,0,0,0,0,0,0,0,0,0,0,0,0,0,0,0,0
2013,"Connecticut",0,0,0,0,0,0,0,0,0,0,0,0,0,0,41.5928,0,0,0,0,0,0,0,0,0,0,0,0,0,0,0,0,0,0,0,0,0,0,0,0,0,0,0,0,0,0,0,0,0,0,0,0,0,0,0
2013,"Delaware",0,0,0,0,0,0,0,0,0,0,0,0,0,0,38.6777,0,0,0,0,0,0,0,0,0,0,0,0,0,0,0,0,0,0,0,0,0,0,0,0,0,0,0,0,0,0,0,0,0,0,0,0,0,0,0
2013,"District of Columbia",0,0,0,0,0,0,0,0,0,0,0,0,0,0,38.9072,0,0,0,0,0,0,0,0,0,0,0,0,0,0,0,0,0,0,0,0,0,0,0,0,0,0,0,0,0,0,0,0,0,0,0,0,0,0,0
2013,"Florida",0,0,0,0,0,0,0,0,0,0,0,0,0,0,27.8744,0,0,0,0,0,0,0,0,0,0,0,0,0,0,0,0,0,0,0,0,0,0,0,0,0,0,0,0,0,0,0,0,0,0,0,0,0,0,0
2013,"Georgia",0,0,0,0,0,0,0,0,0,0,0,0,0,0,32.3329,0,0,0,0,0,0,0,0,0,0,0,0,0,0,0,0,0,0,0,0,0,0,0,0,0,0,0,0,0,0,0,0,0,0,0,0,0,0,0
2013,"Hawaii",0,0,0,0,0,0,0,0,0,0,0,0,0,0,31.75,0,0,0,0,0,0,0,0,0,0,0,0,0,0,0,0,0,0,0,0,0,0,0,0,0,0,0,0,0,0,0,0,0,0,0,0,0,0,0
2013,"Idaho",0,0,0,0,0,0,0,0,0,0,0,0,0,0,43.5648,0,0,0,0,0,0,0,0,0,0,0,0,0,0,0,0,0,0,0,0,0,0,0,0,0,0,0,0,0,0,0,0,0,0,0,0,0,0,0
2013,"Illinois",0,0,0,0,0,0,0,0,0,0,0,0,0,0,40.0495,0,0,0,0,0,0,0,0,0,0,0,0,0,0,0,0,0,0,0,0,0,0,0,0,0,0,0,0,0,0,0,0,0,0,0,0,0,0,0
2013,"Indiana",0,0,0,0,0,0,0,0,0,0,0,0,0,0,40.0495,0,0,0,0,0,0,0,0,0,0,0,0,0,0,0,0,0,0,0,0,0,0,0,0,0,0,0,0,0,0,0,0,0,0,0,0,0,0,0
2013,"Iowa",0,0,0,0,0,0,0,0,0,0,0,0,0,0,41.9358,0,0,0,0,0,0,0,0,0,0,0,0,0,0,0,0,0,0,0,0,0,0,0,0,0,0,0,0,0,0,0,0,0,0,0,0,0,0,0
2013,"Kansas",0,0,0,0,0,0,0,0,0,0,0,0,0,0,38.4204,0,0,0,0,0,0,0,0,0,0,0,0,0,0,0,0,0,0,0,0,0,0,0,0,0,0,0,0,0,0,0,0,0,0,0,0,0,0,0
2013,"Kentucky",0,0,0,0,0,0,0,0,0,0,0,0,0,0,37.3915,0,0,0,0,0,0,0,0,0,0,0,0,0,0,0,0,0,0,0,0,0,0,0,0,0,0,0,0,0,0,0,0,0,0,0,0,0,0,0
2013,"Louisiana",0,0,0,0,0,0,0,0,0,0,0,0,0,0,30.6181,0,0,0,0,0,0,0,0,0,0,0,0,0,0,0,0,0,0,0,0,0,0,0,0,0,0,0,0,0,0,0,0,0,0,0,0,0,0,0
2013,"Maine",0,0,0,0,0,0,0,0,0,0,0,0,0,0,45.6226,0,0,0,0,0,0,0,0,0,0,0,0,0,0,0,0,0,0,0,0,0,0,0,0,0,0,0,0,0,0,0,0,0,0,0,0,0,0,0
2013,"Maryland",0,0,0,0,0,0,0,0,0,0,0,0,0,0,39.2778,0,0,0,0,0,0,0,0,0,0,0,0,0,0,0,0,0,0,0,0,0,0,0,0,0,0,0,0,0,0,0,0,0,0,0,0,0,0,0
2013,"Massachusetts",0,0,0,0,0,0,0,0,0,0,0,0,0,0,42.3645,0,0,0,0,0,0,0,0,0,0,0,0,0,0,0,0,0,0,0,0,0,0,0,0,0,0,0,0,0,0,0,0,0,0,0,0,0,0,0
2013,"Michigan",0,0,0,0,0,0,0,0,0,0,0,0,0,0,43.1361,0,0,0,0,0,0,0,0,0,0,0,0,0,0,0,0,0,0,0,0,0,0,0,0,0,0,0,0,0,0,0,0,0,0,0,0,0,0,0
2013,"Minnesota",0,0,0,0,0,0,0,0,0,0,0,0,0,0,46.3943,0,0,0,0,0,0,0,0,0,0,0,0,0,0,0,0,0,0,0,0,0,0,0,0,0,0,0,0,0,0,0,0,0,0,0,0,0,0,0
2013,"Mississippi",0,0,0,0,0,0,0,0,0,0,0,0,0,0,32.6758,0,0,0,0,0,0,0,0,0,0,0,0,0,0,0,0,0,0,0,0,0,0,0,0,0,0,0,0,0,0,0,0,0,0,0,0,0,0,0
2013,"Missouri",0,0,0,0,0,0,0,0,0,0,0,0,0,0,38.3347,0,0,0,0,0,0,0,0,0,0,0,0,0,0,0,0,0,0,0,0,0,0,0,0,0,0,0,0,0,0,0,0,0,0,0,0,0,0,0
2013,"Montana",0,0,0,0,0,0,0,0,0,0,0,0,0,0,46.823,0,0,0,0,0,0,0,0,0,0,0,0,0,0,0,0,0,0,0,0,0,0,0,0,0,0,0,0,0,0,0,0,0,0,0,0,0,0,0
2013,"Nebraska",0,0,0,0,0,0,0,0,0,0,0,0,0,0,41.3356,0,0,0,0,0,0,0,0,0,0,0,0,0,0,0,0,0,0,0,0,0,0,0,0,0,0,0,0,0,0,0,0,0,0,0,0,0,0,0
2013,"Nevada",0,0,0,0,0,0,0,0,0,0,0,0,0,0,39.1063,0,0,0,0,0,0,0,0,0,0,0,0,0,0,0,0,0,0,0,0,0,0,0,0,0,0,0,0,0,0,0,0,0,0,0,0,0,0,0
2013,"New Hampshire",0,0,0,0,0,0,0,0,0,0,0,0,0,0,43.3934,0,0,0,0,0,0,0,0,0,0,0,0,0,0,0,0,0,0,0,0,0,0,0,0,0,0,0,0,0,0,0,0,0,0,0,0,0,0,0
2013,"New Jersey",0,0,0,0,0,0,0,0,0,0,0,0,0,0,39.9637,0,0,0,0,0,0,0,0,0,0,0,0,0,0,0,0,0,0,0,0,0,0,0,0,0,0,0,0,0,0,0,0,0,0,0,0,0,0,0
2013,"New Mexico",0,0,0,0,0,0,0,0,0,0,0,0,0,0,34.4764,0,0,0,0,0,0,0,0,0,0,0,0,0,0,0,0,0,0,0,0,0,0,0,0,0,0,0,0,0,0,0,0,0,0,0,0,0,0,0
2013,"New York",0,0,0,0,0,0,0,0,0,0,0,0,0,0,43.1361,0,0,0,0,0,0,0,0,0,0,0,0,0,0,0,0,0,0,0,0,0,0,0,0,0,0,0,0,0,0,0,0,0,0,0,0,0,0,0
2013,"North Carolina",0,0,0,0,0,0,0,0,0,0,0,0,0,0,35.4195,0,0,0,0,0,0,0,0,0,0,0,0,0,0,0,0,0,0,0,0,0,0,0,0,0,0,0,0,0,0,0,0,0,0,0,0,0,0,0
2013,"North Dakota",0,0,0,0,0,0,0,0,0,0,0,0,0,0,47.2517,0,0,0,0,0,0,0,0,0,0,0,0,0,0,0,0,0,0,0,0,0,0,0,0,0,0,0,0,0,0,0,0,0,0,0,0,0,0,0
2013,"Ohio",0,0,0,0,0,0,0,0,0,0,0,0,0,0,40.221,0,0,0,0,0,0,0,0,0,0,0,0,0,0,0,0,0,0,0,0,0,0,0,0,0,0,0,0,0,0,0,0,0,0,0,0,0,0,0
2013,"Oklahoma",0,0,0,0,0,0,0,0,0,0,0,0,0,0,35.5053,0,0,0,0,0,0,0,0,0,0,0,0,0,0,0,0,0,0,0,0,0,0,0,0,0,0,0,0,0,0,0,0,0,0,0,0,0,0,0
2013,"Oregon",0,0,0,0,0,0,0,0,0,0,0,0,0,0,43.9078,0,0,0,0,0,0,0,0,0,0,0,0,0,0,0,0,0,0,0,0,0,0,0,0,0,0,0,0,0,0,0,0,0,0,0,0,0,0,0
2013,"Pennsylvania",0,0,0,0,0,0,0,0,0,0,0,0,0,0,40.9069,0,0,0,0,0,0,0,0,0,0,0,0,0,0,0,0,0,0,0,0,0,0,0,0,0,0,0,0,0,0,0,0,0,0,0,0,0,0,0
2013,"Rhode Island",0,0,0,0,0,0,0,0,0,0,0,0,0,0,41.5928,0,0,0,0,0,0,0,0,0,0,0,0,0,0,0,0,0,0,0,0,0,0,0,0,0,0,0,0,0,0,0,0,0,0,0,0,0,0,0
2013,"South Carolina",0,0,0,0,0,0,0,0,0,0,0,0,0,0,33.619,0,0,0,0,0,0,0,0,0,0,0,0,0,0,0,0,0,0,0,0,0,0,0,0,0,0,0,0,0,0,0,0,0,0,0,0,0,0,0
2013,"South Dakota",0,0,0,0,0,0,0,0,0,0,0,0,0,0,44.3365,0,0,0,0,0,0,0,0,0,0,0,0,0,0,0,0,0,0,0,0,0,0,0,0,0,0,0,0,0,0,0,0,0,0,0,0,0,0,0
2013,"Tennessee",0,0,0,0,0,0,0,0,0,0,0,0,0,0,35.6767,0,0,0,0,0,0,0,0,0,0,0,0,0,0,0,0,0,0,0,0,0,0,0,0,0,0,0,0,0,0,0,0,0,0,0,0,0,0,0
2013,"Texas",0,0,0,0,0,0,0,0,0,0,0,0,0,0,31.3897,0,0,0,0,0,0,0,0,0,0,0,0,0,0,0,0,0,0,0,0,0,0,0,0,0,0,0,0,0,0,0,0,0,0,0,0,0,0,0
2013,"Utah",0,0,0,0,0,0,0,0,0,0,0,0,0,0,39.1063,0,0,0,0,0,0,0,0,0,0,0,0,0,0,0,0,0,0,0,0,0,0,0,0,0,0,0,0,0,0,0,0,0,0,0,0,0,0,0
2013,"Vermont",0,0,0,0,0,0,0,0,0,0,0,0,0,0,44.2508,0,0,0,0,0,0,0,0,0,0,0,0,0,0,0,0,0,0,0,0,0,0,0,0,0,0,0,0,0,0,0,0,0,0,0,0,0,0,0
2013,"Virginia",0,0,0,0,0,0,0,0,0,0,0,0,0,0,37.563,0,0,0,0,0,0,0,0,0,0,0,0,0,0,0,0,0,0,0,0,0,0,0,0,0,0,0,0,0,0,0,0,0,0,0,0,0,0,0
2013,"Washington",0,0,0,0,0,0,0,0,0,0,0,0,0,0,47.4231,0,0,0,0,0,0,0,0,0,0,0,0,0,0,0,0,0,0,0,0,0,0,0,0,0,0,0,0,0,0,0,0,0,0,0,0,0,0,0
2013,"West Virginia",0,0,0,0,0,0,0,0,0,0,0,0,0,0,38.4204,0,0,0,0,0,0,0,0,0,0,0,0,0,0,0,0,0,0,0,0,0,0,0,0,0,0,0,0,0,0,0,0,0,0,0,0,0,0,0
2013,"Wisconsin",0,0,0,0,0,0,0,0,0,0,0,0,0,0,44.5937,0,0,0,0,0,0,0,0,0,0,0,0,0,0,0,0,0,0,0,0,0,0,0,0,0,0,0,0,0,0,0,0,0,0,0,0,0,0,0
2013,"Wyoming",0,0,0,0,0,0,0,0,0,0,0,0,0,0,43.0504,0,0,0,0,0,0,0,0,0,0,0,0,0,0,0,0,0,0,0,0,0,0,0,0,0,0,0,0,0,0,0,0,0,0,0,0,0,0,0
2013,"Puerto Rico",0,0,0,0,0,0,0,0,0,0,0,0,0,0,18.2208,0,0,0,0,0,0,0,0,0,0,0,0,0,0,0,0,0,0,0,0,0,0,0,0,0,0,0,0,0,0,0,0,0,0,0,0,0,0,0
2014,"Alabama",0,0,0,0,0,0,0,0,0,0,0,0,0,0,32.5901,0,0,0,0,0,0,0,0,0,0,0,0,0,0,0,0,0,0,0,0,0,0,0,0,0,0,0,0,0,0,0,0,0,0,0,0,0,0,0
2014,"Alaska",0,0,0,0,0,0,0,0,0,0,0,0,0,0,49.25,0,0,0,0,0,0,0,0,0,0,0,0,0,0,0,0,0,0,0,0,0,0,0,0,0,0,0,0,0,0,0,0,0,0,0,0,0,0,0
2014,"Arizona",0,0,0,0,0,0,0,0,0,0,0,0,0,0,34.2192,0,0,0,0,0,0,0,0,0,0,0,0,0,0,0,0,0,0,0,0,0,0,0,0,0,0,0,0,0,0,0,0,0,0,0,0,0,0,0
2014,"Arkansas",0,0,0,0,0,0,0,0,0,0,0,0,0,0,34.7336,0,0,0,0,0,0,0,0,0,0,0,0,0,0,0,0,0,0,0,0,0,0,0,0,0,0,0,0,0,0,0,0,0,0,0,0,0,0,0
2014,"California",0,0,0,0,0,0,0,0,0,0,0,0,0,0,36.5341,0,0,0,0,0,0,0,0,0,0,0,0,0,0,0,0,0,0,0,0,0,0,0,0,0,0,0,0,0,0,0,0,0,0,0,0,0,0,0
2014,"Colorado",0,0,0,0,0,0,0,0,0,0,0,0,0,0,38.6777,0,0,0,0,0,0,0,0,0,0,0,0,0,0,0,0,0,0,0,0,0,0,0,0,0,0,0,0,0,0,0,0,0,0,0,0,0,0,0
2014,"Connecticut",0,0,0,0,0,0,0,0,0,0,0,0,0,0,41.5928,0,0,0,0,0,0,0,0,0,0,0,0,0,0,0,0,0,0,0,0,0,0,0,0,0,0,0,0,0,0,0,0,0,0,0,0,0,0,0
2014,"Delaware",0,0,0,0,0,0,0,0,0,0,0,0,0,0,38.6777,0,0,0,0,0,0,0,0,0,0,0,0,0,0,0,0,0,0,0,0,0,0,0,0,0,0,0,0,0,0,0,0,0,0,0,0,0,0,0
2014,"District of Columbia",0,0,0,0,0,0,0,0,0,0,0,0,0,0,38.9072,0,0,0,0,0,0,0,0,0,0,0,0,0,0,0,0,0,0,0,0,0,0,0,0,0,0,0,0,0,0,0,0,0,0,0,0,0,0,0
2014,"Florida",0,0,0,0,0,0,0,0,0,0,0,0,0,0,27.8744,0,0,0,0,0,0,0,0,0,0,0,0,0,0,0,0,0,0,0,0,0,0,0,0,0,0,0,0,0,0,0,0,0,0,0,0,0,0,0
2014,"Georgia",0,0,0,0,0,0,0,0,0,0,0,0,0,0,32.3329,0,0,0,0,0,0,0,0,0,0,0,0,0,0,0,0,0,0,0,0,0,0,0,0,0,0,0,0,0,0,0,0,0,0,0,0,0,0,0
2014,"Hawaii",0,0,0,0,0,0,0,0,0,0,0,0,0,0,31.75,0,0,0,0,0,0,0,0,0,0,0,0,0,0,0,0,0,0,0,0,0,0,0,0,0,0,0,0,0,0,0,0,0,0,0,0,0,0,0
2014,"Idaho",0,0,0,0,0,0,0,0,0,0,0,0,0,0,43.5648,0,0,0,0,0,0,0,0,0,0,0,0,0,0,0,0,0,0,0,0,0,0,0,0,0,0,0,0,0,0,0,0,0,0,0,0,0,0,0
2014,"Illinois",0,0,0,0,0,0,0,0,0,0,0,0,0,0,40.0495,0,0,0,0,0,0,0,0,0,0,0,0,0,0,0,0,0,0,0,0,0,0,0,0,0,0,0,0,0,0,0,0,0,0,0,0,0,0,0
2014,"Indiana",0,0,0,0,0,0,0,0,0,0,0,0,0,0,40.0495,0,0,0,0,0,0,0,0,0,0,0,0,0,0,0,0,0,0,0,0,0,0,0,0,0,0,0,0,0,0,0,0,0,0,0,0,0,0,0
2014,"Iowa",0,0,0,0,0,0,0,0,0,0,0,0,0,0,41.9358,0,0,0,0,0,0,0,0,0,0,0,0,0,0,0,0,0,0,0,0,0,0,0,0,0,0,0,0,0,0,0,0,0,0,0,0,0,0,0
2014,"Kansas",0,0,0,0,0,0,0,0,0,0,0,0,0,0,38.4204,0,0,0,0,0,0,0,0,0,0,0,0,0,0,0,0,0,0,0,0,0,0,0,0,0,0,0,0,0,0,0,0,0,0,0,0,0,0,0
2014,"Kentucky",0,0,0,0,0,0,0,0,0,0,0,0,0,0,37.3915,0,0,0,0,0,0,0,0,0,0,0,0,0,0,0,0,0,0,0,0,0,0,0,0,0,0,0,0,0,0,0,0,0,0,0,0,0,0,0
2014,"Louisiana",0,0,0,0,0,0,0,0,0,0,0,0,0,0,30.6181,0,0,0,0,0,0,0,0,0,0,0,0,0,0,0,0,0,0,0,0,0,0,0,0,0,0,0,0,0,0,0,0,0,0,0,0,0,0,0
2014,"Maine",0,0,0,0,0,0,0,0,0,0,0,0,0,0,45.6226,0,0,0,0,0,0,0,0,0,0,0,0,0,0,0,0,0,0,0,0,0,0,0,0,0,0,0,0,0,0,0,0,0,0,0,0,0,0,0
2014,"Maryland",0,0,0,0,0,0,0,0,0,0,0,0,0,0,39.2778,0,0,0,0,0,0,0,0,0,0,0,0,0,0,0,0,0,0,0,0,0,0,0,0,0,0,0,0,0,0,0,0,0,0,0,0,0,0,0
2014,"Massachusetts",0,0,0,0,0,0,0,0,0,0,0,0,0,0,42.3645,0,0,0,0,0,0,0,0,0,0,0,0,0,0,0,0,0,0,0,0,0,0,0,0,0,0,0,0,0,0,0,0,0,0,0,0,0,0,0
2014,"Michigan",0,0,0,0,0,0,0,0,0,0,0,0,0,0,43.1361,0,0,0,0,0,0,0,0,0,0,0,0,0,0,0,0,0,0,0,0,0,0,0,0,0,0,0,0,0,0,0,0,0,0,0,0,0,0,0
2014,"Minnesota",0,0,0,0,0,0,0,0,0,0,0,0,0,0,46.3943,0,0,0,0,0,0,0,0,0,0,0,0,0,0,0,0,0,0,0,0,0,0,0,0,0,0,0,0,0,0,0,0,0,0,0,0,0,0,0
2014,"Mississippi",0,0,0,0,0,0,0,0,0,0,0,0,0,0,32.6758,0,0,0,0,0,0,0,0,0,0,0,0,0,0,0,0,0,0,0,0,0,0,0,0,0,0,0,0,0,0,0,0,0,0,0,0,0,0,0
2014,"Missouri",0,0,0,0,0,0,0,0,0,0,0,0,0,0,38.3347,0,0,0,0,0,0,0,0,0,0,0,0,0,0,0,0,0,0,0,0,0,0,0,0,0,0,0,0,0,0,0,0,0,0,0,0,0,0,0
2014,"Montana",0,0,0,0,0,0,0,0,0,0,0,0,0,0,46.823,0,0,0,0,0,0,0,0,0,0,0,0,0,0,0,0,0,0,0,0,0,0,0,0,0,0,0,0,0,0,0,0,0,0,0,0,0,0,0
2014,"Nebraska",0,0,0,0,0,0,0,0,0,0,0,0,0,0,41.3356,0,0,0,0,0,0,0,0,0,0,0,0,0,0,0,0,0,0,0,0,0,0,0,0,0,0,0,0,0,0,0,0,0,0,0,0,0,0,0
2014,"Nevada",0,0,0,0,0,0,0,0,0,0,0,0,0,0,39.1063,0,0,0,0,0,0,0,0,0,0,0,0,0,0,0,0,0,0,0,0,0,0,0,0,0,0,0,0,0,0,0,0,0,0,0,0,0,0,0
2014,"New Hampshire",0,0,0,0,0,0,0,0,0,0,0,0,0,0,43.3934,0,0,0,0,0,0,0,0,0,0,0,0,0,0,0,0,0,0,0,0,0,0,0,0,0,0,0,0,0,0,0,0,0,0,0,0,0,0,0
2014,"New Jersey",0,0,0,0,0,0,0,0,0,0,0,0,0,0,39.9637,0,0,0,0,0,0,0,0,0,0,0,0,0,0,0,0,0,0,0,0,0,0,0,0,0,0,0,0,0,0,0,0,0,0,0,0,0,0,0
2014,"New Mexico",0,0,0,0,0,0,0,0,0,0,0,0,0,0,34.4764,0,0,0,0,0,0,0,0,0,0,0,0,0,0,0,0,0,0,0,0,0,0,0,0,0,0,0,0,0,0,0,0,0,0,0,0,0,0,0
2014,"New York",0,0,0,0,0,0,0,0,0,0,0,0,0,0,43.1361,0,0,0,0,0,0,0,0,0,0,0,0,0,0,0,0,0,0,0,0,0,0,0,0,0,0,0,0,0,0,0,0,0,0,0,0,0,0,0
2014,"North Carolina",0,0,0,0,0,0,0,0,0,0,0,0,0,0,35.4195,0,0,0,0,0,0,0,0,0,0,0,0,0,0,0,0,0,0,0,0,0,0,0,0,0,0,0,0,0,0,0,0,0,0,0,0,0,0,0
2014,"North Dakota",0,0,0,0,0,0,0,0,0,0,0,0,0,0,47.2517,0,0,0,0,0,0,0,0,0,0,0,0,0,0,0,0,0,0,0,0,0,0,0,0,0,0,0,0,0,0,0,0,0,0,0,0,0,0,0
2014,"Ohio",0,0,0,0,0,0,0,0,0,0,0,0,0,0,40.221,0,0,0,0,0,0,0,0,0,0,0,0,0,0,0,0,0,0,0,0,0,0,0,0,0,0,0,0,0,0,0,0,0,0,0,0,0,0,0
2014,"Oklahoma",0,0,0,0,0,0,0,0,0,0,0,0,0,0,35.5053,0,0,0,0,0,0,0,0,0,0,0,0,0,0,0,0,0,0,0,0,0,0,0,0,0,0,0,0,0,0,0,0,0,0,0,0,0,0,0
2014,"Oregon",0,0,0,0,0,0,0,0,0,0,0,0,0,0,43.9078,0,0,0,0,0,0,0,0,0,0,0,0,0,0,0,0,0,0,0,0,0,0,0,0,0,0,0,0,0,0,0,0,0,0,0,0,0,0,0
2014,"Pennsylvania",0,0,0,0,0,0,0,0,0,0,0,0,0,0,40.9069,0,0,0,0,0,0,0,0,0,0,0,0,0,0,0,0,0,0,0,0,0,0,0,0,0,0,0,0,0,0,0,0,0,0,0,0,0,0,0
2014,"Rhode Island",0,0,0,0,0,0,0,0,0,0,0,0,0,0,41.5928,0,0,0,0,0,0,0,0,0,0,0,0,0,0,0,0,0,0,0,0,0,0,0,0,0,0,0,0,0,0,0,0,0,0,0,0,0,0,0
2014,"South Carolina",0,0,0,0,0,0,0,0,0,0,0,0,0,0,33.619,0,0,0,0,0,0,0,0,0,0,0,0,0,0,0,0,0,0,0,0,0,0,0,0,0,0,0,0,0,0,0,0,0,0,0,0,0,0,0
2014,"South Dakota",0,0,0,0,0,0,0,0,0,0,0,0,0,0,44.3365,0,0,0,0,0,0,0,0,0,0,0,0,0,0,0,0,0,0,0,0,0,0,0,0,0,0,0,0,0,0,0,0,0,0,0,0,0,0,0
2014,"Tennessee",0,0,0,0,0,0,0,0,0,0,0,0,0,0,35.6767,0,0,0,0,0,0,0,0,0,0,0,0,0,0,0,0,0,0,0,0,0,0,0,0,0,0,0,0,0,0,0,0,0,0,0,0,0,0,0
2014,"Texas",0,0,0,0,0,0,0,0,0,0,0,0,0,0,31.3897,0,0,0,0,0,0,0,0,0,0,0,0,0,0,0,0,0,0,0,0,0,0,0,0,0,0,0,0,0,0,0,0,0,0,0,0,0,0,0
2014,"Utah",0,0,0,0,0,0,0,0,0,0,0,0,0,0,39.1063,0,0,0,0,0,0,0,0,0,0,0,0,0,0,0,0,0,0,0,0,0,0,0,0,0,0,0,0,0,0,0,0,0,0,0,0,0,0,0
2014,"Vermont",0,0,0,0,0,0,0,0,0,0,0,0,0,0,44.2508,0,0,0,0,0,0,0,0,0,0,0,0,0,0,0,0,0,0,0,0,0,0,0,0,0,0,0,0,0,0,0,0,0,0,0,0,0,0,0
2014,"Virginia",0,0,0,0,0,0,0,0,0,0,0,0,0,0,37.563,0,0,0,0,0,0,0,0,0,0,0,0,0,0,0,0,0,0,0,0,0,0,0,0,0,0,0,0,0,0,0,0,0,0,0,0,0,0,0
2014,"Washington",0,0,0,0,0,0,0,0,0,0,0,0,0,0,47.4231,0,0,0,0,0,0,0,0,0,0,0,0,0,0,0,0,0,0,0,0,0,0,0,0,0,0,0,0,0,0,0,0,0,0,0,0,0,0,0
2014,"West Virginia",0,0,0,0,0,0,0,0,0,0,0,0,0,0,38.4204,0,0,0,0,0,0,0,0,0,0,0,0,0,0,0,0,0,0,0,0,0,0,0,0,0,0,0,0,0,0,0,0,0,0,0,0,0,0,0
2014,"Wisconsin",0,0,0,0,0,0,0,0,0,0,0,0,0,0,44.5937,0,0,0,0,0,0,0,0,0,0,0,0,0,0,0,0,0,0,0,0,0,0,0,0,0,0,0,0,0,0,0,0,0,0,0,0,0,0,0
2014,"Wyoming",0,0,0,0,0,0,0,0,0,0,0,0,0,0,43.0504,0,0,0,0,0,0,0,0,0,0,0,0,0,0,0,0,0,0,0,0,0,0,0,0,0,0,0,0,0,0,0,0,0,0,0,0,0,0,0
2014,"Puerto Rico",0,0,0,0,0,0,0,0,0,0,0,0,0,0,18.2208,0,0,0,0,0,0,0,0,0,0,0,0,0,0,0,0,0,0,0,0,0,0,0,0,0,0,0,0,0,0,0,0,0,0,0,0,0,0,0
2015,"Alabama",0,0,0,0,0,0,0,0,0,0,0,0,0,0,32.5901,0,0,0,0,0,0,0,0,0,0,0,0,0,0,0,0,0,0,0,0,0,0,0,0,0,0,0,0,0,0,0,0,0,0,0,0,0,0,0
2015,"Alaska",0,0,0,0,0,0,0,0,0,0,0,0,0,0,49.25,0,0,0,0,0,0,0,0,0,0,0,0,0,0,0,0,0,0,0,0,0,0,0,0,0,0,0,0,0,0,0,0,0,0,0,0,0,0,0
2015,"Arizona",0,0,0,0,0,0,0,0,0,0,0,0,0,0,34.2192,0,0,0,0,0,0,0,0,0,0,0,0,0,0,0,0,0,0,0,0,0,0,0,0,0,0,0,0,0,0,0,0,0,0,0,0,0,0,0
2015,"Arkansas",0,0,0,0,0,0,0,0,0,0,0,0,0,0,34.7336,0,0,0,0,0,0,0,0,0,0,0,0,0,0,0,0,0,0,0,0,0,0,0,0,0,0,0,0,0,0,0,0,0,0,0,0,0,0,0
2015,"California",0,0,0,0,0,0,0,0,0,0,0,0,0,0,36.5341,0,0,0,0,0,0,0,0,0,0,0,0,0,0,0,0,0,0,0,0,0,0,0,0,0,0,0,0,0,0,0,0,0,0,0,0,0,0,0
2015,"Colorado",0,0,0,0,0,0,0,0,0,0,0,0,0,0,38.6777,0,0,0,0,0,0,0,0,0,0,0,0,0,0,0,0,0,0,0,0,0,0,0,0,0,0,0,0,0,0,0,0,0,0,0,0,0,0,0
2015,"Connecticut",0,0,0,0,0,0,0,0,0,0,0,0,0,0,41.5928,0,0,0,0,0,0,0,0,0,0,0,0,0,0,0,0,0,0,0,0,0,0,0,0,0,0,0,0,0,0,0,0,0,0,0,0,0,0,0
2015,"Delaware",0,0,0,0,0,0,0,0,0,0,0,0,0,0,38.6777,0,0,0,0,0,0,0,0,0,0,0,0,0,0,0,0,0,0,0,0,0,0,0,0,0,0,0,0,0,0,0,0,0,0,0,0,0,0,0
2015,"District of Columbia",0,0,0,0,0,0,0,0,0,0,0,0,0,0,38.9072,0,0,0,0,0,0,0,0,0,0,0,0,0,0,0,0,0,0,0,0,0,0,0,0,0,0,0,0,0,0,0,0,0,0,0,0,0,0,0
2015,"Florida",0,0,0,0,0,0,0,0,0,0,0,0,0,0,27.8744,0,0,0,0,0,0,0,0,0,0,0,0,0,0,0,0,0,0,0,0,0,0,0,0,0,0,0,0,0,0,0,0,0,0,0,0,0,0,0
2015,"Georgia",0,0,0,0,0,0,0,0,0,0,0,0,0,0,32.3329,0,0,0,0,0,0,0,0,0,0,0,0,0,0,0,0,0,0,0,0,0,0,0,0,0,0,0,0,0,0,0,0,0,0,0,0,0,0,0
2015,"Hawaii",0,0,0,0,0,0,0,0,0,0,0,0,0,0,31.75,0,0,0,0,0,0,0,0,0,0,0,0,0,0,0,0,0,0,0,0,0,0,0,0,0,0,0,0,0,0,0,0,0,0,0,0,0,0,0
2015,"Idaho",0,0,0,0,0,0,0,0,0,0,0,0,0,0,43.5648,0,0,0,0,0,0,0,0,0,0,0,0,0,0,0,0,0,0,0,0,0,0,0,0,0,0,0,0,0,0,0,0,0,0,0,0,0,0,0
2015,"Illinois",0,0,0,0,0,0,0,0,0,0,0,0,0,0,40.0495,0,0,0,0,0,0,0,0,0,0,0,0,0,0,0,0,0,0,0,0,0,0,0,0,0,0,0,0,0,0,0,0,0,0,0,0,0,0,0
2015,"Indiana",0,0,0,0,0,0,0,0,0,0,0,0,0,0,40.0495,0,0,0,0,0,0,0,0,0,0,0,0,0,0,0,0,0,0,0,0,0,0,0,0,0,0,0,0,0,0,0,0,0,0,0,0,0,0,0
2015,"Iowa",0,0,0,0,0,0,0,0,0,0,0,0,0,0,41.9358,0,0,0,0,0,0,0,0,0,0,0,0,0,0,0,0,0,0,0,0,0,0,0,0,0,0,0,0,0,0,0,0,0,0,0,0,0,0,0
2015,"Kansas",0,0,0,0,0,0,0,0,0,0,0,0,0,0,38.4204,0,0,0,0,0,0,0,0,0,0,0,0,0,0,0,0,0,0,0,0,0,0,0,0,0,0,0,0,0,0,0,0,0,0,0,0,0,0,0
2015,"Kentucky",0,0,0,0,0,0,0,0,0,0,0,0,0,0,37.3915,0,0,0,0,0,0,0,0,0,0,0,0,0,0,0,0,0,0,0,0,0,0,0,0,0,0,0,0,0,0,0,0,0,0,0,0,0,0,0
2015,"Louisiana",0,0,0,0,0,0,0,0,0,0,0,0,0,0,30.6181,0,0,0,0,0,0,0,0,0,0,0,0,0,0,0,0,0,0,0,0,0,0,0,0,0,0,0,0,0,0,0,0,0,0,0,0,0,0,0
2015,"Maine",0,0,0,0,0,0,0,0,0,0,0,0,0,0,45.6226,0,0,0,0,0,0,0,0,0,0,0,0,0,0,0,0,0,0,0,0,0,0,0,0,0,0,0,0,0,0,0,0,0,0,0,0,0,0,0
2015,"Maryland",0,0,0,0,0,0,0,0,0,0,0,0,0,0,39.2778,0,0,0,0,0,0,0,0,0,0,0,0,0,0,0,0,0,0,0,0,0,0,0,0,0,0,0,0,0,0,0,0,0,0,0,0,0,0,0
2015,"Massachusetts",0,0,0,0,0,0,0,0,0,0,0,0,0,0,42.3645,0,0,0,0,0,0,0,0,0,0,0,0,0,0,0,0,0,0,0,0,0,0,0,0,0,0,0,0,0,0,0,0,0,0,0,0,0,0,0
2015,"Michigan",0,0,0,0,0,0,0,0,0,0,0,0,0,0,43.1361,0,0,0,0,0,0,0,0,0,0,0,0,0,0,0,0,0,0,0,0,0,0,0,0,0,0,0,0,0,0,0,0,0,0,0,0,0,0,0
2015,"Minnesota",0,0,0,0,0,0,0,0,0,0,0,0,0,0,46.3943,0,0,0,0,0,0,0,0,0,0,0,0,0,0,0,0,0,0,0,0,0,0,0,0,0,0,0,0,0,0,0,0,0,0,0,0,0,0,0
2015,"Mississippi",0,0,0,0,0,0,0,0,0,0,0,0,0,0,32.6758,0,0,0,0,0,0,0,0,0,0,0,0,0,0,0,0,0,0,0,0,0,0,0,0,0,0,0,0,0,0,0,0,0,0,0,0,0,0,0
2015,"Missouri",0,0,0,0,0,0,0,0,0,0,0,0,0,0,38.3347,0,0,0,0,0,0,0,0,0,0,0,0,0,0,0,0,0,0,0,0,0,0,0,0,0,0,0,0,0,0,0,0,0,0,0,0,0,0,0
2015,"Montana",0,0,0,0,0,0,0,0,0,0,0,0,0,0,46.823,0,0,0,0,0,0,0,0,0,0,0,0,0,0,0,0,0,0,0,0,0,0,0,0,0,0,0,0,0,0,0,0,0,0,0,0,0,0,0
2015,"Nebraska",0,0,0,0,0,0,0,0,0,0,0,0,0,0,41.3356,0,0,0,0,0,0,0,0,0,0,0,0,0,0,0,0,0,0,0,0,0,0,0,0,0,0,0,0,0,0,0,0,0,0,0,0,0,0,0
2015,"Nevada",0,0,0,0,0,0,0,0,0,0,0,0,0,0,39.1063,0,0,0,0,0,0,0,0,0,0,0,0,0,0,0,0,0,0,0,0,0,0,0,0,0,0,0,0,0,0,0,0,0,0,0,0,0,0,0
2015,"New Hampshire",0,0,0,0,0,0,0,0,0,0,0,0,0,0,43.3934,0,0,0,0,0,0,0,0,0,0,0,0,0,0,0,0,0,0,0,0,0,0,0,0,0,0,0,0,0,0,0,0,0,0,0,0,0,0,0
2015,"New Jersey",0,0,0,0,0,0,0,0,0,0,0,0,0,0,39.9637,0,0,0,0,0,0,0,0,0,0,0,0,0,0,0,0,0,0,0,0,0,0,0,0,0,0,0,0,0,0,0,0,0,0,0,0,0,0,0
2015,"New Mexico",0,0,0,0,0,0,0,0,0,0,0,0,0,0,34.4764,0,0,0,0,0,0,0,0,0,0,0,0,0,0,0,0,0,0,0,0,0,0,0,0,0,0,0,0,0,0,0,0,0,0,0,0,0,0,0
2015,"New York",0,0,0,0,0,0,0,0,0,0,0,0,0,0,43.1361,0,0,0,0,0,0,0,0,0,0,0,0,0,0,0,0,0,0,0,0,0,0,0,0,0,0,0,0,0,0,0,0,0,0,0,0,0,0,0
2015,"North Carolina",0,0,0,0,0,0,0,0,0,0,0,0,0,0,35.4195,0,0,0,0,0,0,0,0,0,0,0,0,0,0,0,0,0,0,0,0,0,0,0,0,0,0,0,0,0,0,0,0,0,0,0,0,0,0,0
2015,"North Dakota",0,0,0,0,0,0,0,0,0,0,0,0,0,0,47.2517,0,0,0,0,0,0,0,0,0,0,0,0,0,0,0,0,0,0,0,0,0,0,0,0,0,0,0,0,0,0,0,0,0,0,0,0,0,0,0
2015,"Ohio",0,0,0,0,0,0,0,0,0,0,0,0,0,0,40.221,0,0,0,0,0,0,0,0,0,0,0,0,0,0,0,0,0,0,0,0,0,0,0,0,0,0,0,0,0,0,0,0,0,0,0,0,0,0,0
2015,"Oklahoma",0,0,0,0,0,0,0,0,0,0,0,0,0,0,35.5053,0,0,0,0,0,0,0,0,0,0,0,0,0,0,0,0,0,0,0,0,0,0,0,0,0,0,0,0,0,0,0,0,0,0,0,0,0,0,0
2015,"Oregon",0,0,0,0,0,0,0,0,0,0,0,0,0,0,43.9078,0,0,0,0,0,0,0,0,0,0,0,0,0,0,0,0,0,0,0,0,0,0,0,0,0,0,0,0,0,0,0,0,0,0,0,0,0,0,0
2015,"Pennsylvania",0,0,0,0,0,0,0,0,0,0,0,0,0,0,40.9069,0,0,0,0,0,0,0,0,0,0,0,0,0,0,0,0,0,0,0,0,0,0,0,0,0,0,0,0,0,0,0,0,0,0,0,0,0,0,0
2015,"Rhode Island",0,0,0,0,0,0,0,0,0,0,0,0,0,0,41.5928,0,0,0,0,0,0,0,0,0,0,0,0,0,0,0,0,0,0,0,0,0,0,0,0,0,0,0,0,0,0,0,0,0,0,0,0,0,0,0
2015,"South Carolina",0,0,0,0,0,0,0,0,0,0,0,0,0,0,33.619,0,0,0,0,0,0,0,0,0,0,0,0,0,0,0,0,0,0,0,0,0,0,0,0,0,0,0,0,0,0,0,0,0,0,0,0,0,0,0
2015,"South Dakota",0,0,0,0,0,0,0,0,0,0,0,0,0,0,44.3365,0,0,0,0,0,0,0,0,0,0,0,0,0,0,0,0,0,0,0,0,0,0,0,0,0,0,0,0,0,0,0,0,0,0,0,0,0,0,0
2015,"Tennessee",0,0,0,0,0,0,0,0,0,0,0,0,0,0,35.6767,0,0,0,0,0,0,0,0,0,0,0,0,0,0,0,0,0,0,0,0,0,0,0,0,0,0,0,0,0,0,0,0,0,0,0,0,0,0,0
2015,"Texas",0,0,0,0,0,0,0,0,0,0,0,0,0,0,31.3897,0,0,0,0,0,0,0,0,0,0,0,0,0,0,0,0,0,0,0,0,0,0,0,0,0,0,0,0,0,0,0,0,0,0,0,0,0,0,0
2015,"Utah",0,0,0,0,0,0,0,0,0,0,0,0,0,0,39.1063,0,0,0,0,0,0,0,0,0,0,0,0,0,0,0,0,0,0,0,0,0,0,0,0,0,0,0,0,0,0,0,0,0,0,0,0,0,0,0
2015,"Vermont",0,0,0,0,0,0,0,0,0,0,0,0,0,0,44.2508,0,0,0,0,0,0,0,0,0,0,0,0,0,0,0,0,0,0,0,0,0,0,0,0,0,0,0,0,0,0,0,0,0,0,0,0,0,0,0
2015,"Virginia",0,0,0,0,0,0,0,0,0,0,0,0,0,0,37.563,0,0,0,0,0,0,0,0,0,0,0,0,0,0,0,0,0,0,0,0,0,0,0,0,0,0,0,0,0,0,0,0,0,0,0,0,0,0,0
2015,"Washington",0,0,0,0,0,0,0,0,0,0,0,0,0,0,47.4231,0,0,0,0,0,0,0,0,0,0,0,0,0,0,0,0,0,0,0,0,0,0,0,0,0,0,0,0,0,0,0,0,0,0,0,0,0,0,0
2015,"West Virginia",0,0,0,0,0,0,0,0,0,0,0,0,0,0,38.4204,0,0,0,0,0,0,0,0,0,0,0,0,0,0,0,0,0,0,0,0,0,0,0,0,0,0,0,0,0,0,0,0,0,0,0,0,0,0,0
2015,"Wisconsin",0,0,0,0,0,0,0,0,0,0,0,0,0,0,44.5937,0,0,0,0,0,0,0,0,0,0,0,0,0,0,0,0,0,0,0,0,0,0,0,0,0,0,0,0,0,0,0,0,0,0,0,0,0,0,0
2015,"Wyoming",0,0,0,0,0,0,0,0,0,0,0,0,0,0,43.0504,0,0,0,0,0,0,0,0,0,0,0,0,0,0,0,0,0,0,0,0,0,0,0,0,0,0,0,0,0,0,0,0,0,0,0,0,0,0,0
2015,"Puerto Rico",0,0,0,0,0,0,0,0,0,0,0,0,0,0,18.2208,0,0,0,0,0,0,0,0,0,0,0,0,0,0,0,0,0,0,0,0,0,0,0,0,0,0,0,0,0,0,0,0,0,0,0,0,0,0,0
2016,"Alabama",0,0,0,0,0,0,0,0,0,0,0,0,0,0,32.5901,0,0,0,0,0,0,0,0,0,0,0,0,0,0,0,0,0,0,0,0,0,0,0,0,0,0,0,0,0,0,0,0,0,0,0,0,0,0,0
2016,"Alaska",0,0,0,0,0,0,0,0,0,0,0,0,0,0,49.25,0,0,0,0,0,0,0,0,0,0,0,0,0,0,0,0,0,0,0,0,0,0,0,0,0,0,0,0,0,0,0,0,0,0,0,0,0,0,0
2016,"Arizona",0,0,0,0,0,0,0,0,0,0,0,0,0,0,34.2192,0,0,0,0,0,0,0,0,0,0,0,0,0,0,0,0,0,0,0,0,0,0,0,0,0,0,0,0,0,0,0,0,0,0,0,0,0,0,0
2016,"Arkansas",0,0,0,0,0,0,0,0,0,0,0,0,0,0,34.7336,0,0,0,0,0,0,0,0,0,0,0,0,0,0,0,0,0,0,0,0,0,0,0,0,0,0,0,0,0,0,0,0,0,0,0,0,0,0,0
2016,"California",0,0,0,0,0,0,0,0,0,0,0,0,0,0,36.5341,0,0,0,0,0,0,0,0,0,0,0,0,0,0,0,0,0,0,0,0,0,0,0,0,0,0,0,0,0,0,0,0,0,0,0,0,0,0,0
2016,"Colorado",0,0,0,0,0,0,0,0,0,0,0,0,0,0,38.6777,0,0,0,0,0,0,0,0,0,0,0,0,0,0,0,0,0,0,0,0,0,0,0,0,0,0,0,0,0,0,0,0,0,0,0,0,0,0,0
2016,"Connecticut",0,0,0,0,0,0,0,0,0,0,0,0,0,0,41.5928,0,0,0,0,0,0,0,0,0,0,0,0,0,0,0,0,0,0,0,0,0,0,0,0,0,0,0,0,0,0,0,0,0,0,0,0,0,0,0
2016,"Delaware",0,0,0,0,0,0,0,0,0,0,0,0,0,0,38.6777,0,0,0,0,0,0,0,0,0,0,0,0,0,0,0,0,0,0,0,0,0,0,0,0,0,0,0,0,0,0,0,0,0,0,0,0,0,0,0
2016,"District of Columbia",0,0,0,0,0,0,0,0,0,0,0,0,0,0,38.9072,0,0,0,0,0,0,0,0,0,0,0,0,0,0,0,0,0,0,0,0,0,0,0,0,0,0,0,0,0,0,0,0,0,0,0,0,0,0,0
2016,"Florida",0,0,0,0,0,0,0,0,0,0,0,0,0,0,27.8744,0,0,0,0,0,0,0,0,0,0,0,0,0,0,0,0,0,0,0,0,0,0,0,0,0,0,0,0,0,0,0,0,0,0,0,0,0,0,0
2016,"Georgia",0,0,0,0,0,0,0,0,0,0,0,0,0,0,32.3329,0,0,0,0,0,0,0,0,0,0,0,0,0,0,0,0,0,0,0,0,0,0,0,0,0,0,0,0,0,0,0,0,0,0,0,0,0,0,0
2016,"Hawaii",0,0,0,0,0,0,0,0,0,0,0,0,0,0,31.75,0,0,0,0,0,0,0,0,0,0,0,0,0,0,0,0,0,0,0,0,0,0,0,0,0,0,0,0,0,0,0,0,0,0,0,0,0,0,0
2016,"Idaho",0,0,0,0,0,0,0,0,0,0,0,0,0,0,43.5648,0,0,0,0,0,0,0,0,0,0,0,0,0,0,0,0,0,0,0,0,0,0,0,0,0,0,0,0,0,0,0,0,0,0,0,0,0,0,0
2016,"Illinois",0,0,0,0,0,0,0,0,0,0,0,0,0,0,40.0495,0,0,0,0,0,0,0,0,0,0,0,0,0,0,0,0,0,0,0,0,0,0,0,0,0,0,0,0,0,0,0,0,0,0,0,0,0,0,0
2016,"Indiana",0,0,0,0,0,0,0,0,0,0,0,0,0,0,40.0495,0,0,0,0,0,0,0,0,0,0,0,0,0,0,0,0,0,0,0,0,0,0,0,0,0,0,0,0,0,0,0,0,0,0,0,0,0,0,0
2016,"Iowa",0,0,0,0,0,0,0,0,0,0,0,0,0,0,41.9358,0,0,0,0,0,0,0,0,0,0,0,0,0,0,0,0,0,0,0,0,0,0,0,0,0,0,0,0,0,0,0,0,0,0,0,0,0,0,0
2016,"Kansas",0,0,0,0,0,0,0,0,0,0,0,0,0,0,38.4204,0,0,0,0,0,0,0,0,0,0,0,0,0,0,0,0,0,0,0,0,0,0,0,0,0,0,0,0,0,0,0,0,0,0,0,0,0,0,0
2016,"Kentucky",0,0,0,0,0,0,0,0,0,0,0,0,0,0,37.3915,0,0,0,0,0,0,0,0,0,0,0,0,0,0,0,0,0,0,0,0,0,0,0,0,0,0,0,0,0,0,0,0,0,0,0,0,0,0,0
2016,"Louisiana",0,0,0,0,0,0,0,0,0,0,0,0,0,0,30.6181,0,0,0,0,0,0,0,0,0,0,0,0,0,0,0,0,0,0,0,0,0,0,0,0,0,0,0,0,0,0,0,0,0,0,0,0,0,0,0
2016,"Maine",0,0,0,0,0,0,0,0,0,0,0,0,0,0,45.6226,0,0,0,0,0,0,0,0,0,0,0,0,0,0,0,0,0,0,0,0,0,0,0,0,0,0,0,0,0,0,0,0,0,0,0,0,0,0,0
2016,"Maryland",0,0,0,0,0,0,0,0,0,0,0,0,0,0,39.2778,0,0,0,0,0,0,0,0,0,0,0,0,0,0,0,0,0,0,0,0,0,0,0,0,0,0,0,0,0,0,0,0,0,0,0,0,0,0,0
2016,"Massachusetts",0,0,0,0,0,0,0,0,0,0,0,0,0,0,42.3645,0,0,0,0,0,0,0,0,0,0,0,0,0,0,0,0,0,0,0,0,0,0,0,0,0,0,0,0,0,0,0,0,0,0,0,0,0,0,0
2016,"Michigan",0,0,0,0,0,0,0,0,0,0,0,0,0,0,43.1361,0,0,0,0,0,0,0,0,0,0,0,0,0,0,0,0,0,0,0,0,0,0,0,0,0,0,0,0,0,0,0,0,0,0,0,0,0,0,0
2016,"Minnesota",0,0,0,0,0,0,0,0,0,0,0,0,0,0,46.3943,0,0,0,0,0,0,0,0,0,0,0,0,0,0,0,0,0,0,0,0,0,0,0,0,0,0,0,0,0,0,0,0,0,0,0,0,0,0,0
2016,"Mississippi",0,0,0,0,0,0,0,0,0,0,0,0,0,0,32.6758,0,0,0,0,0,0,0,0,0,0,0,0,0,0,0,0,0,0,0,0,0,0,0,0,0,0,0,0,0,0,0,0,0,0,0,0,0,0,0
2016,"Missouri",0,0,0,0,0,0,0,0,0,0,0,0,0,0,38.3347,0,0,0,0,0,0,0,0,0,0,0,0,0,0,0,0,0,0,0,0,0,0,0,0,0,0,0,0,0,0,0,0,0,0,0,0,0,0,0
2016,"Montana",0,0,0,0,0,0,0,0,0,0,0,0,0,0,46.823,0,0,0,0,0,0,0,0,0,0,0,0,0,0,0,0,0,0,0,0,0,0,0,0,0,0,0,0,0,0,0,0,0,0,0,0,0,0,0
2016,"Nebraska",0,0,0,0,0,0,0,0,0,0,0,0,0,0,41.3356,0,0,0,0,0,0,0,0,0,0,0,0,0,0,0,0,0,0,0,0,0,0,0,0,0,0,0,0,0,0,0,0,0,0,0,0,0,0,0
2016,"Nevada",0,0,0,0,0,0,0,0,0,0,0,0,0,0,39.1063,0,0,0,0,0,0,0,0,0,0,0,0,0,0,0,0,0,0,0,0,0,0,0,0,0,0,0,0,0,0,0,0,0,0,0,0,0,0,0
2016,"New Hampshire",0,0,0,0,0,0,0,0,0,0,0,0,0,0,43.3934,0,0,0,0,0,0,0,0,0,0,0,0,0,0,0,0,0,0,0,0,0,0,0,0,0,0,0,0,0,0,0,0,0,0,0,0,0,0,0
2016,"New Jersey",0,0,0,0,0,0,0,0,0,0,0,0,0,0,39.9637,0,0,0,0,0,0,0,0,0,0,0,0,0,0,0,0,0,0,0,0,0,0,0,0,0,0,0,0,0,0,0,0,0,0,0,0,0,0,0
2016,"New Mexico",0,0,0,0,0,0,0,0,0,0,0,0,0,0,34.4764,0,0,0,0,0,0,0,0,0,0,0,0,0,0,0,0,0,0,0,0,0,0,0,0,0,0,0,0,0,0,0,0,0,0,0,0,0,0,0
2016,"New York",0,0,0,0,0,0,0,0,0,0,0,0,0,0,43.1361,0,0,0,0,0,0,0,0,0,0,0,0,0,0,0,0,0,0,0,0,0,0,0,0,0,0,0,0,0,0,0,0,0,0,0,0,0,0,0
2016,"North Carolina",0,0,0,0,0,0,0,0,0,0,0,0,0,0,35.4195,0,0,0,0,0,0,0,0,0,0,0,0,0,0,0,0,0,0,0,0,0,0,0,0,0,0,0,0,0,0,0,0,0,0,0,0,0,0,0
2016,"North Dakota",0,0,0,0,0,0,0,0,0,0,0,0,0,0,47.2517,0,0,0,0,0,0,0,0,0,0,0,0,0,0,0,0,0,0,0,0,0,0,0,0,0,0,0,0,0,0,0,0,0,0,0,0,0,0,0
2016,"Ohio",0,0,0,0,0,0,0,0,0,0,0,0,0,0,40.221,0,0,0,0,0,0,0,0,0,0,0,0,0,0,0,0,0,0,0,0,0,0,0,0,0,0,0,0,0,0,0,0,0,0,0,0,0,0,0
2016,"Oklahoma",0,0,0,0,0,0,0,0,0,0,0,0,0,0,35.5053,0,0,0,0,0,0,0,0,0,0,0,0,0,0,0,0,0,0,0,0,0,0,0,0,0,0,0,0,0,0,0,0,0,0,0,0,0,0,0
2016,"Oregon",0,0,0,0,0,0,0,0,0,0,0,0,0,0,43.9078,0,0,0,0,0,0,0,0,0,0,0,0,0,0,0,0,0,0,0,0,0,0,0,0,0,0,0,0,0,0,0,0,0,0,0,0,0,0,0
2016,"Pennsylvania",0,0,0,0,0,0,0,0,0,0,0,0,0,0,40.9069,0,0,0,0,0,0,0,0,0,0,0,0,0,0,0,0,0,0,0,0,0,0,0,0,0,0,0,0,0,0,0,0,0,0,0,0,0,0,0
2016,"Rhode Island",0,0,0,0,0,0,0,0,0,0,0,0,0,0,41.5928,0,0,0,0,0,0,0,0,0,0,0,0,0,0,0,0,0,0,0,0,0,0,0,0,0,0,0,0,0,0,0,0,0,0,0,0,0,0,0
2016,"South Carolina",0,0,0,0,0,0,0,0,0,0,0,0,0,0,33.619,0,0,0,0,0,0,0,0,0,0,0,0,0,0,0,0,0,0,0,0,0,0,0,0,0,0,0,0,0,0,0,0,0,0,0,0,0,0,0
2016,"South Dakota",0,0,0,0,0,0,0,0,0,0,0,0,0,0,44.3365,0,0,0,0,0,0,0,0,0,0,0,0,0,0,0,0,0,0,0,0,0,0,0,0,0,0,0,0,0,0,0,0,0,0,0,0,0,0,0
2016,"Tennessee",0,0,0,0,0,0,0,0,0,0,0,0,0,0,35.6767,0,0,0,0,0,0,0,0,0,0,0,0,0,0,0,0,0,0,0,0,0,0,0,0,0,0,0,0,0,0,0,0,0,0,0,0,0,0,0
2016,"Texas",0,0,0,0,0,0,0,0,0,0,0,0,0,0,31.3897,0,0,0,0,0,0,0,0,0,0,0,0,0,0,0,0,0,0,0,0,0,0,0,0,0,0,0,0,0,0,0,0,0,0,0,0,0,0,0
2016,"Utah",0,0,0,0,0,0,0,0,0,0,0,0,0,0,39.1063,0,0,0,0,0,0,0,0,0,0,0,0,0,0,0,0,0,0,0,0,0,0,0,0,0,0,0,0,0,0,0,0,0,0,0,0,0,0,0
2016,"Vermont",0,0,0,0,0,0,0,0,0,0,0,0,0,0,44.2508,0,0,0,0,0,0,0,0,0,0,0,0,0,0,0,0,0,0,0,0,0,0,0,0,0,0,0,0,0,0,0,0,0,0,0,0,0,0,0
2016,"Virginia",0,0,0,0,0,0,0,0,0,0,0,0,0,0,37.563,0,0,0,0,0,0,0,0,0,0,0,0,0,0,0,0,0,0,0,0,0,0,0,0,0,0,0,0,0,0,0,0,0,0,0,0,0,0,0
2016,"Washington",0,0,0,0,0,0,0,0,0,0,0,0,0,0,47.4231,0,0,0,0,0,0,0,0,0,0,0,0,0,0,0,0,0,0,0,0,0,0,0,0,0,0,0,0,0,0,0,0,0,0,0,0,0,0,0
2016,"West Virginia",0,0,0,0,0,0,0,0,0,0,0,0,0,0,38.4204,0,0,0,0,0,0,0,0,0,0,0,0,0,0,0,0,0,0,0,0,0,0,0,0,0,0,0,0,0,0,0,0,0,0,0,0,0,0,0
2016,"Wisconsin",0,0,0,0,0,0,0,0,0,0,0,0,0,0,44.5937,0,0,0,0,0,0,0,0,0,0,0,0,0,0,0,0,0,0,0,0,0,0,0,0,0,0,0,0,0,0,0,0,0,0,0,0,0,0,0
2016,"Wyoming",0,0,0,0,0,0,0,0,0,0,0,0,0,0,43.0504,0,0,0,0,0,0,0,0,0,0,0,0,0,0,0,0,0,0,0,0,0,0,0,0,0,0,0,0,0,0,0,0,0,0,0,0,0,0,0
2016,"Puerto Rico",0,0,0,0,0,0,0,0,0,0,0,0,0,0,18.2208,0,0,0,0,0,0,0,0,0,0,0,0,0,0,0,0,0,0,0,0,0,0,0,0,0,0,0,0,0,0,0,0,0,0,0,0,0,0,0
2017,"Alabama",0,0,0,0,0,0,0,0,0,0,0,0,0,0,32.5901,0,0,0,0,0,0,0,0,0,0,0,0,0,0,0,0,0,0,0,0,0,0,0,0,0,0,0,0,0,0,0,0,0,0,0,0,0,0,0
2017,"Alaska",0,0,0,0,0,0,0,0,0,0,0,0,0,0,49.25,0,0,0,0,0,0,0,0,0,0,0,0,0,0,0,0,0,0,0,0,0,0,0,0,0,0,0,0,0,0,0,0,0,0,0,0,0,0,0
2017,"Arizona",0,0,0,0,0,0,0,0,0,0,0,0,0,0,34.2192,0,0,0,0,0,0,0,0,0,0,0,0,0,0,0,0,0,0,0,0,0,0,0,0,0,0,0,0,0,0,0,0,0,0,0,0,0,0,0
2017,"Arkansas",0,0,0,0,0,0,0,0,0,0,0,0,0,0,34.7336,0,0,0,0,0,0,0,0,0,0,0,0,0,0,0,0,0,0,0,0,0,0,0,0,0,0,0,0,0,0,0,0,0,0,0,0,0,0,0
2017,"California",0,0,0,0,0,0,0,0,0,0,0,0,0,0,36.5341,0,0,0,0,0,0,0,0,0,0,0,0,0,0,0,0,0,0,0,0,0,0,0,0,0,0,0,0,0,0,0,0,0,0,0,0,0,0,0
2017,"Colorado",0,0,0,0,0,0,0,0,0,0,0,0,0,0,38.6777,0,0,0,0,0,0,0,0,0,0,0,0,0,0,0,0,0,0,0,0,0,0,0,0,0,0,0,0,0,0,0,0,0,0,0,0,0,0,0
2017,"Connecticut",0,0,0,0,0,0,0,0,0,0,0,0,0,0,41.5928,0,0,0,0,0,0,0,0,0,0,0,0,0,0,0,0,0,0,0,0,0,0,0,0,0,0,0,0,0,0,0,0,0,0,0,0,0,0,0
2017,"Delaware",0,0,0,0,0,0,0,0,0,0,0,0,0,0,38.6777,0,0,0,0,0,0,0,0,0,0,0,0,0,0,0,0,0,0,0,0,0,0,0,0,0,0,0,0,0,0,0,0,0,0,0,0,0,0,0
2017,"District of Columbia",0,0,0,0,0,0,0,0,0,0,0,0,0,0,38.9072,0,0,0,0,0,0,0,0,0,0,0,0,0,0,0,0,0,0,0,0,0,0,0,0,0,0,0,0,0,0,0,0,0,0,0,0,0,0,0
2017,"Florida",0,0,0,0,0,0,0,0,0,0,0,0,0,0,27.8744,0,0,0,0,0,0,0,0,0,0,0,0,0,0,0,0,0,0,0,0,0,0,0,0,0,0,0,0,0,0,0,0,0,0,0,0,0,0,0
2017,"Georgia",0,0,0,0,0,0,0,0,0,0,0,0,0,0,32.3329,0,0,0,0,0,0,0,0,0,0,0,0,0,0,0,0,0,0,0,0,0,0,0,0,0,0,0,0,0,0,0,0,0,0,0,0,0,0,0
2017,"Hawaii",0,0,0,0,0,0,0,0,0,0,0,0,0,0,31.75,0,0,0,0,0,0,0,0,0,0,0,0,0,0,0,0,0,0,0,0,0,0,0,0,0,0,0,0,0,0,0,0,0,0,0,0,0,0,0
2017,"Idaho",0,0,0,0,0,0,0,0,0,0,0,0,0,0,43.5648,0,0,0,0,0,0,0,0,0,0,0,0,0,0,0,0,0,0,0,0,0,0,0,0,0,0,0,0,0,0,0,0,0,0,0,0,0,0,0
2017,"Illinois",0,0,0,0,0,0,0,0,0,0,0,0,0,0,40.0495,0,0,0,0,0,0,0,0,0,0,0,0,0,0,0,0,0,0,0,0,0,0,0,0,0,0,0,0,0,0,0,0,0,0,0,0,0,0,0
2017,"Indiana",0,0,0,0,0,0,0,0,0,0,0,0,0,0,40.0495,0,0,0,0,0,0,0,0,0,0,0,0,0,0,0,0,0,0,0,0,0,0,0,0,0,0,0,0,0,0,0,0,0,0,0,0,0,0,0
2017,"Iowa",0,0,0,0,0,0,0,0,0,0,0,0,0,0,41.9358,0,0,0,0,0,0,0,0,0,0,0,0,0,0,0,0,0,0,0,0,0,0,0,0,0,0,0,0,0,0,0,0,0,0,0,0,0,0,0
2017,"Kansas",0,0,0,0,0,0,0,0,0,0,0,0,0,0,38.4204,0,0,0,0,0,0,0,0,0,0,0,0,0,0,0,0,0,0,0,0,0,0,0,0,0,0,0,0,0,0,0,0,0,0,0,0,0,0,0
2017,"Kentucky",0,0,0,0,0,0,0,0,0,0,0,0,0,0,37.3915,0,0,0,0,0,0,0,0,0,0,0,0,0,0,0,0,0,0,0,0,0,0,0,0,0,0,0,0,0,0,0,0,0,0,0,0,0,0,0
2017,"Louisiana",0,0,0,0,0,0,0,0,0,0,0,0,0,0,30.6181,0,0,0,0,0,0,0,0,0,0,0,0,0,0,0,0,0,0,0,0,0,0,0,0,0,0,0,0,0,0,0,0,0,0,0,0,0,0,0
2017,"Maine",0,0,0,0,0,0,0,0,0,0,0,0,0,0,45.6226,0,0,0,0,0,0,0,0,0,0,0,0,0,0,0,0,0,0,0,0,0,0,0,0,0,0,0,0,0,0,0,0,0,0,0,0,0,0,0
2017,"Maryland",0,0,0,0,0,0,0,0,0,0,0,0,0,0,39.2778,0,0,0,0,0,0,0,0,0,0,0,0,0,0,0,0,0,0,0,0,0,0,0,0,0,0,0,0,0,0,0,0,0,0,0,0,0,0,0
2017,"Massachusetts",0,0,0,0,0,0,0,0,0,0,0,0,0,0,42.3645,0,0,0,0,0,0,0,0,0,0,0,0,0,0,0,0,0,0,0,0,0,0,0,0,0,0,0,0,0,0,0,0,0,0,0,0,0,0,0
2017,"Michigan",0,0,0,0,0,0,0,0,0,0,0,0,0,0,43.1361,0,0,0,0,0,0,0,0,0,0,0,0,0,0,0,0,0,0,0,0,0,0,0,0,0,0,0,0,0,0,0,0,0,0,0,0,0,0,0
2017,"Minnesota",0,0,0,0,0,0,0,0,0,0,0,0,0,0,46.3943,0,0,0,0,0,0,0,0,0,0,0,0,0,0,0,0,0,0,0,0,0,0,0,0,0,0,0,0,0,0,0,0,0,0,0,0,0,0,0
2017,"Mississippi",0,0,0,0,0,0,0,0,0,0,0,0,0,0,32.6758,0,0,0,0,0,0,0,0,0,0,0,0,0,0,0,0,0,0,0,0,0,0,0,0,0,0,0,0,0,0,0,0,0,0,0,0,0,0,0
2017,"Missouri",0,0,0,0,0,0,0,0,0,0,0,0,0,0,38.3347,0,0,0,0,0,0,0,0,0,0,0,0,0,0,0,0,0,0,0,0,0,0,0,0,0,0,0,0,0,0,0,0,0,0,0,0,0,0,0
2017,"Montana",0,0,0,0,0,0,0,0,0,0,0,0,0,0,46.823,0,0,0,0,0,0,0,0,0,0,0,0,0,0,0,0,0,0,0,0,0,0,0,0,0,0,0,0,0,0,0,0,0,0,0,0,0,0,0
2017,"Nebraska",0,0,0,0,0,0,0,0,0,0,0,0,0,0,41.3356,0,0,0,0,0,0,0,0,0,0,0,0,0,0,0,0,0,0,0,0,0,0,0,0,0,0,0,0,0,0,0,0,0,0,0,0,0,0,0
2017,"Nevada",0,0,0,0,0,0,0,0,0,0,0,0,0,0,39.1063,0,0,0,0,0,0,0,0,0,0,0,0,0,0,0,0,0,0,0,0,0,0,0,0,0,0,0,0,0,0,0,0,0,0,0,0,0,0,0
2017,"New Hampshire",0,0,0,0,0,0,0,0,0,0,0,0,0,0,43.3934,0,0,0,0,0,0,0,0,0,0,0,0,0,0,0,0,0,0,0,0,0,0,0,0,0,0,0,0,0,0,0,0,0,0,0,0,0,0,0
2017,"New Jersey",0,0,0,0,0,0,0,0,0,0,0,0,0,0,39.9637,0,0,0,0,0,0,0,0,0,0,0,0,0,0,0,0,0,0,0,0,0,0,0,0,0,0,0,0,0,0,0,0,0,0,0,0,0,0,0
2017,"New Mexico",0,0,0,0,0,0,0,0,0,0,0,0,0,0,34.4764,0,0,0,0,0,0,0,0,0,0,0,0,0,0,0,0,0,0,0,0,0,0,0,0,0,0,0,0,0,0,0,0,0,0,0,0,0,0,0
2017,"New York",0,0,0,0,0,0,0,0,0,0,0,0,0,0,43.1361,0,0,0,0,0,0,0,0,0,0,0,0,0,0,0,0,0,0,0,0,0,0,0,0,0,0,0,0,0,0,0,0,0,0,0,0,0,0,0
2017,"North Carolina",0,0,0,0,0,0,0,0,0,0,0,0,0,0,35.4195,0,0,0,0,0,0,0,0,0,0,0,0,0,0,0,0,0,0,0,0,0,0,0,0,0,0,0,0,0,0,0,0,0,0,0,0,0,0,0
2017,"North Dakota",0,0,0,0,0,0,0,0,0,0,0,0,0,0,47.2517,0,0,0,0,0,0,0,0,0,0,0,0,0,0,0,0,0,0,0,0,0,0,0,0,0,0,0,0,0,0,0,0,0,0,0,0,0,0,0
2017,"Ohio",0,0,0,0,0,0,0,0,0,0,0,0,0,0,40.221,0,0,0,0,0,0,0,0,0,0,0,0,0,0,0,0,0,0,0,0,0,0,0,0,0,0,0,0,0,0,0,0,0,0,0,0,0,0,0
2017,"Oklahoma",0,0,0,0,0,0,0,0,0,0,0,0,0,0,35.5053,0,0,0,0,0,0,0,0,0,0,0,0,0,0,0,0,0,0,0,0,0,0,0,0,0,0,0,0,0,0,0,0,0,0,0,0,0,0,0
2017,"Oregon",0,0,0,0,0,0,0,0,0,0,0,0,0,0,43.9078,0,0,0,0,0,0,0,0,0,0,0,0,0,0,0,0,0,0,0,0,0,0,0,0,0,0,0,0,0,0,0,0,0,0,0,0,0,0,0
2017,"Pennsylvania",0,0,0,0,0,0,0,0,0,0,0,0,0,0,40.9069,0,0,0,0,0,0,0,0,0,0,0,0,0,0,0,0,0,0,0,0,0,0,0,0,0,0,0,0,0,0,0,0,0,0,0,0,0,0,0
2017,"Rhode Island",0,0,0,0,0,0,0,0,0,0,0,0,0,0,41.5928,0,0,0,0,0,0,0,0,0,0,0,0,0,0,0,0,0,0,0,0,0,0,0,0,0,0,0,0,0,0,0,0,0,0,0,0,0,0,0
2017,"South Carolina",0,0,0,0,0,0,0,0,0,0,0,0,0,0,33.619,0,0,0,0,0,0,0,0,0,0,0,0,0,0,0,0,0,0,0,0,0,0,0,0,0,0,0,0,0,0,0,0,0,0,0,0,0,0,0
2017,"South Dakota",0,0,0,0,0,0,0,0,0,0,0,0,0,0,44.3365,0,0,0,0,0,0,0,0,0,0,0,0,0,0,0,0,0,0,0,0,0,0,0,0,0,0,0,0,0,0,0,0,0,0,0,0,0,0,0
2017,"Tennessee",0,0,0,0,0,0,0,0,0,0,0,0,0,0,35.6767,0,0,0,0,0,0,0,0,0,0,0,0,0,0,0,0,0,0,0,0,0,0,0,0,0,0,0,0,0,0,0,0,0,0,0,0,0,0,0
2017,"Texas",0,0,0,0,0,0,0,0,0,0,0,0,0,0,31.3897,0,0,0,0,0,0,0,0,0,0,0,0,0,0,0,0,0,0,0,0,0,0,0,0,0,0,0,0,0,0,0,0,0,0,0,0,0,0,0
2017,"Utah",0,0,0,0,0,0,0,0,0,0,0,0,0,0,39.1063,0,0,0,0,0,0,0,0,0,0,0,0,0,0,0,0,0,0,0,0,0,0,0,0,0,0,0,0,0,0,0,0,0,0,0,0,0,0,0
2017,"Vermont",0,0,0,0,0,0,0,0,0,0,0,0,0,0,44.2508,0,0,0,0,0,0,0,0,0,0,0,0,0,0,0,0,0,0,0,0,0,0,0,0,0,0,0,0,0,0,0,0,0,0,0,0,0,0,0
2017,"Virginia",0,0,0,0,0,0,0,0,0,0,0,0,0,0,37.563,0,0,0,0,0,0,0,0,0,0,0,0,0,0,0,0,0,0,0,0,0,0,0,0,0,0,0,0,0,0,0,0,0,0,0,0,0,0,0
2017,"Washington",0,0,0,0,0,0,0,0,0,0,0,0,0,0,47.4231,0,0,0,0,0,0,0,0,0,0,0,0,0,0,0,0,0,0,0,0,0,0,0,0,0,0,0,0,0,0,0,0,0,0,0,0,0,0,0
2017,"West Virginia",0,0,0,0,0,0,0,0,0,0,0,0,0,0,38.4204,0,0,0,0,0,0,0,0,0,0,0,0,0,0,0,0,0,0,0,0,0,0,0,0,0,0,0,0,0,0,0,0,0,0,0,0,0,0,0
2017,"Wisconsin",0,0,0,0,0,0,0,0,0,0,0,0,0,0,44.5937,0,0,0,0,0,0,0,0,0,0,0,0,0,0,0,0,0,0,0,0,0,0,0,0,0,0,0,0,0,0,0,0,0,0,0,0,0,0,0
2017,"Wyoming",0,0,0,0,0,0,0,0,0,0,0,0,0,0,43.0504,0,0,0,0,0,0,0,0,0,0,0,0,0,0,0,0,0,0,0,0,0,0,0,0,0,0,0,0,0,0,0,0,0,0,0,0,0,0,0
2017,"Puerto Rico",0,0,0,0,0,0,0,0,0,0,0,0,0,0,18.2208,0,0,0,0,0,0,0,0,0,0,0,0,0,0,0,0,0,0,0,0,0,0,0,0,0,0,0,0,0,0,0,0,0,0,0,0,0,0,0
2018,"Alabama",0,0,0,0,0,0,0,0,0,0,0,0,0,0,32.5901,0,0,0,0,0,0,0,0,0,0,0,0,0,0,0,0,0,0,0,0,0,0,0,0,0,0,0,0,0,0,0,0,0,0,0,0,0,0,0
2018,"Alaska",0,0,0,0,0,0,0,0,0,0,0,0,0,0,49.25,0,0,0,0,0,0,0,0,0,0,0,0,0,0,0,0,0,0,0,0,0,0,0,0,0,0,0,0,0,0,0,0,0,0,0,0,0,0,0
2018,"Arizona",0,0,0,0,0,0,0,0,0,0,0,0,0,0,34.2192,0,0,0,0,0,0,0,0,0,0,0,0,0,0,0,0,0,0,0,0,0,0,0,0,0,0,0,0,0,0,0,0,0,0,0,0,0,0,0
2018,"Arkansas",0,0,0,0,0,0,0,0,0,0,0,0,0,0,34.7336,0,0,0,0,0,0,0,0,0,0,0,0,0,0,0,0,0,0,0,0,0,0,0,0,0,0,0,0,0,0,0,0,0,0,0,0,0,0,0
2018,"California",0,0,0,0,0,0,0,0,0,0,0,0,0,0,36.5341,0,0,0,0,0,0,0,0,0,0,0,0,0,0,0,0,0,0,0,0,0,0,0,0,0,0,0,0,0,0,0,0,0,0,0,0,0,0,0
2018,"Colorado",0,0,0,0,0,0,0,0,0,0,0,0,0,0,38.6777,0,0,0,0,0,0,0,0,0,0,0,0,0,0,0,0,0,0,0,0,0,0,0,0,0,0,0,0,0,0,0,0,0,0,0,0,0,0,0
2018,"Connecticut",0,0,0,0,0,0,0,0,0,0,0,0,0,0,41.5928,0,0,0,0,0,0,0,0,0,0,0,0,0,0,0,0,0,0,0,0,0,0,0,0,0,0,0,0,0,0,0,0,0,0,0,0,0,0,0
2018,"Delaware",0,0,0,0,0,0,0,0,0,0,0,0,0,0,38.6777,0,0,0,0,0,0,0,0,0,0,0,0,0,0,0,0,0,0,0,0,0,0,0,0,0,0,0,0,0,0,0,0,0,0,0,0,0,0,0
2018,"District of Columbia",0,0,0,0,0,0,0,0,0,0,0,0,0,0,38.9072,0,0,0,0,0,0,0,0,0,0,0,0,0,0,0,0,0,0,0,0,0,0,0,0,0,0,0,0,0,0,0,0,0,0,0,0,0,0,0
2018,"Florida",0,0,0,0,0,0,0,0,0,0,0,0,0,0,27.8744,0,0,0,0,0,0,0,0,0,0,0,0,0,0,0,0,0,0,0,0,0,0,0,0,0,0,0,0,0,0,0,0,0,0,0,0,0,0,0
2018,"Georgia",0,0,0,0,0,0,0,0,0,0,0,0,0,0,32.3329,0,0,0,0,0,0,0,0,0,0,0,0,0,0,0,0,0,0,0,0,0,0,0,0,0,0,0,0,0,0,0,0,0,0,0,0,0,0,0
2018,"Hawaii",0,0,0,0,0,0,0,0,0,0,0,0,0,0,31.75,0,0,0,0,0,0,0,0,0,0,0,0,0,0,0,0,0,0,0,0,0,0,0,0,0,0,0,0,0,0,0,0,0,0,0,0,0,0,0
2018,"Idaho",0,0,0,0,0,0,0,0,0,0,0,0,0,0,43.5648,0,0,0,0,0,0,0,0,0,0,0,0,0,0,0,0,0,0,0,0,0,0,0,0,0,0,0,0,0,0,0,0,0,0,0,0,0,0,0
2018,"Illinois",0,0,0,0,0,0,0,0,0,0,0,0,0,0,40.0495,0,0,0,0,0,0,0,0,0,0,0,0,0,0,0,0,0,0,0,0,0,0,0,0,0,0,0,0,0,0,0,0,0,0,0,0,0,0,0
2018,"Indiana",0,0,0,0,0,0,0,0,0,0,0,0,0,0,40.0495,0,0,0,0,0,0,0,0,0,0,0,0,0,0,0,0,0,0,0,0,0,0,0,0,0,0,0,0,0,0,0,0,0,0,0,0,0,0,0
2018,"Iowa",0,0,0,0,0,0,0,0,0,0,0,0,0,0,41.9358,0,0,0,0,0,0,0,0,0,0,0,0,0,0,0,0,0,0,0,0,0,0,0,0,0,0,0,0,0,0,0,0,0,0,0,0,0,0,0
2018,"Kansas",0,0,0,0,0,0,0,0,0,0,0,0,0,0,38.4204,0,0,0,0,0,0,0,0,0,0,0,0,0,0,0,0,0,0,0,0,0,0,0,0,0,0,0,0,0,0,0,0,0,0,0,0,0,0,0
2018,"Kentucky",0,0,0,0,0,0,0,0,0,0,0,0,0,0,37.3915,0,0,0,0,0,0,0,0,0,0,0,0,0,0,0,0,0,0,0,0,0,0,0,0,0,0,0,0,0,0,0,0,0,0,0,0,0,0,0
2018,"Louisiana",0,0,0,0,0,0,0,0,0,0,0,0,0,0,30.6181,0,0,0,0,0,0,0,0,0,0,0,0,0,0,0,0,0,0,0,0,0,0,0,0,0,0,0,0,0,0,0,0,0,0,0,0,0,0,0
2018,"Maine",0,0,0,0,0,0,0,0,0,0,0,0,0,0,45.6226,0,0,0,0,0,0,0,0,0,0,0,0,0,0,0,0,0,0,0,0,0,0,0,0,0,0,0,0,0,0,0,0,0,0,0,0,0,0,0
2018,"Maryland",0,0,0,0,0,0,0,0,0,0,0,0,0,0,39.2778,0,0,0,0,0,0,0,0,0,0,0,0,0,0,0,0,0,0,0,0,0,0,0,0,0,0,0,0,0,0,0,0,0,0,0,0,0,0,0
2018,"Massachusetts",0,0,0,0,0,0,0,0,0,0,0,0,0,0,42.3645,0,0,0,0,0,0,0,0,0,0,0,0,0,0,0,0,0,0,0,0,0,0,0,0,0,0,0,0,0,0,0,0,0,0,0,0,0,0,0
2018,"Michigan",0,0,0,0,0,0,0,0,0,0,0,0,0,0,43.1361,0,0,0,0,0,0,0,0,0,0,0,0,0,0,0,0,0,0,0,0,0,0,0,0,0,0,0,0,0,0,0,0,0,0,0,0,0,0,0
2018,"Minnesota",0,0,0,0,0,0,0,0,0,0,0,0,0,0,46.3943,0,0,0,0,0,0,0,0,0,0,0,0,0,0,0,0,0,0,0,0,0,0,0,0,0,0,0,0,0,0,0,0,0,0,0,0,0,0,0
2018,"Mississippi",0,0,0,0,0,0,0,0,0,0,0,0,0,0,32.6758,0,0,0,0,0,0,0,0,0,0,0,0,0,0,0,0,0,0,0,0,0,0,0,0,0,0,0,0,0,0,0,0,0,0,0,0,0,0,0
2018,"Missouri",0,0,0,0,0,0,0,0,0,0,0,0,0,0,38.3347,0,0,0,0,0,0,0,0,0,0,0,0,0,0,0,0,0,0,0,0,0,0,0,0,0,0,0,0,0,0,0,0,0,0,0,0,0,0,0
2018,"Montana",0,0,0,0,0,0,0,0,0,0,0,0,0,0,46.823,0,0,0,0,0,0,0,0,0,0,0,0,0,0,0,0,0,0,0,0,0,0,0,0,0,0,0,0,0,0,0,0,0,0,0,0,0,0,0
2018,"Nebraska",0,0,0,0,0,0,0,0,0,0,0,0,0,0,41.3356,0,0,0,0,0,0,0,0,0,0,0,0,0,0,0,0,0,0,0,0,0,0,0,0,0,0,0,0,0,0,0,0,0,0,0,0,0,0,0
2018,"Nevada",0,0,0,0,0,0,0,0,0,0,0,0,0,0,39.1063,0,0,0,0,0,0,0,0,0,0,0,0,0,0,0,0,0,0,0,0,0,0,0,0,0,0,0,0,0,0,0,0,0,0,0,0,0,0,0
2018,"New Hampshire",0,0,0,0,0,0,0,0,0,0,0,0,0,0,43.3934,0,0,0,0,0,0,0,0,0,0,0,0,0,0,0,0,0,0,0,0,0,0,0,0,0,0,0,0,0,0,0,0,0,0,0,0,0,0,0
2018,"New Jersey",0,0,0,0,0,0,0,0,0,0,0,0,0,0,39.9637,0,0,0,0,0,0,0,0,0,0,0,0,0,0,0,0,0,0,0,0,0,0,0,0,0,0,0,0,0,0,0,0,0,0,0,0,0,0,0
2018,"New Mexico",0,0,0,0,0,0,0,0,0,0,0,0,0,0,34.4764,0,0,0,0,0,0,0,0,0,0,0,0,0,0,0,0,0,0,0,0,0,0,0,0,0,0,0,0,0,0,0,0,0,0,0,0,0,0,0
2018,"New York",0,0,0,0,0,0,0,0,0,0,0,0,0,0,43.1361,0,0,0,0,0,0,0,0,0,0,0,0,0,0,0,0,0,0,0,0,0,0,0,0,0,0,0,0,0,0,0,0,0,0,0,0,0,0,0
2018,"North Carolina",0,0,0,0,0,0,0,0,0,0,0,0,0,0,35.4195,0,0,0,0,0,0,0,0,0,0,0,0,0,0,0,0,0,0,0,0,0,0,0,0,0,0,0,0,0,0,0,0,0,0,0,0,0,0,0
2018,"North Dakota",0,0,0,0,0,0,0,0,0,0,0,0,0,0,47.2517,0,0,0,0,0,0,0,0,0,0,0,0,0,0,0,0,0,0,0,0,0,0,0,0,0,0,0,0,0,0,0,0,0,0,0,0,0,0,0
2018,"Ohio",0,0,0,0,0,0,0,0,0,0,0,0,0,0,40.221,0,0,0,0,0,0,0,0,0,0,0,0,0,0,0,0,0,0,0,0,0,0,0,0,0,0,0,0,0,0,0,0,0,0,0,0,0,0,0
2018,"Oklahoma",0,0,0,0,0,0,0,0,0,0,0,0,0,0,35.5053,0,0,0,0,0,0,0,0,0,0,0,0,0,0,0,0,0,0,0,0,0,0,0,0,0,0,0,0,0,0,0,0,0,0,0,0,0,0,0
2018,"Oregon",0,0,0,0,0,0,0,0,0,0,0,0,0,0,43.9078,0,0,0,0,0,0,0,0,0,0,0,0,0,0,0,0,0,0,0,0,0,0,0,0,0,0,0,0,0,0,0,0,0,0,0,0,0,0,0
2018,"Pennsylvania",0,0,0,0,0,0,0,0,0,0,0,0,0,0,40.9069,0,0,0,0,0,0,0,0,0,0,0,0,0,0,0,0,0,0,0,0,0,0,0,0,0,0,0,0,0,0,0,0,0,0,0,0,0,0,0
2018,"Rhode Island",0,0,0,0,0,0,0,0,0,0,0,0,0,0,41.5928,0,0,0,0,0,0,0,0,0,0,0,0,0,0,0,0,0,0,0,0,0,0,0,0,0,0,0,0,0,0,0,0,0,0,0,0,0,0,0
2018,"South Carolina",0,0,0,0,0,0,0,0,0,0,0,0,0,0,33.619,0,0,0,0,0,0,0,0,0,0,0,0,0,0,0,0,0,0,0,0,0,0,0,0,0,0,0,0,0,0,0,0,0,0,0,0,0,0,0
2018,"South Dakota",0,0,0,0,0,0,0,0,0,0,0,0,0,0,44.3365,0,0,0,0,0,0,0,0,0,0,0,0,0,0,0,0,0,0,0,0,0,0,0,0,0,0,0,0,0,0,0,0,0,0,0,0,0,0,0
2018,"Tennessee",0,0,0,0,0,0,0,0,0,0,0,0,0,0,35.6767,0,0,0,0,0,0,0,0,0,0,0,0,0,0,0,0,0,0,0,0,0,0,0,0,0,0,0,0,0,0,0,0,0,0,0,0,0,0,0
2018,"Texas",0,0,0,0,0,0,0,0,0,0,0,0,0,0,31.3897,0,0,0,0,0,0,0,0,0,0,0,0,0,0,0,0,0,0,0,0,0,0,0,0,0,0,0,0,0,0,0,0,0,0,0,0,0,0,0
2018,"Utah",0,0,0,0,0,0,0,0,0,0,0,0,0,0,39.1063,0,0,0,0,0,0,0,0,0,0,0,0,0,0,0,0,0,0,0,0,0,0,0,0,0,0,0,0,0,0,0,0,0,0,0,0,0,0,0
2018,"Vermont",0,0,0,0,0,0,0,0,0,0,0,0,0,0,44.2508,0,0,0,0,0,0,0,0,0,0,0,0,0,0,0,0,0,0,0,0,0,0,0,0,0,0,0,0,0,0,0,0,0,0,0,0,0,0,0
2018,"Virginia",0,0,0,0,0,0,0,0,0,0,0,0,0,0,37.563,0,0,0,0,0,0,0,0,0,0,0,0,0,0,0,0,0,0,0,0,0,0,0,0,0,0,0,0,0,0,0,0,0,0,0,0,0,0,0
2018,"Washington",0,0,0,0,0,0,0,0,0,0,0,0,0,0,47.4231,0,0,0,0,0,0,0,0,0,0,0,0,0,0,0,0,0,0,0,0,0,0,0,0,0,0,0,0,0,0,0,0,0,0,0,0,0,0,0
2018,"West Virginia",0,0,0,0,0,0,0,0,0,0,0,0,0,0,38.4204,0,0,0,0,0,0,0,0,0,0,0,0,0,0,0,0,0,0,0,0,0,0,0,0,0,0,0,0,0,0,0,0,0,0,0,0,0,0,0
2018,"Wisconsin",0,0,0,0,0,0,0,0,0,0,0,0,0,0,44.5937,0,0,0,0,0,0,0,0,0,0,0,0,0,0,0,0,0,0,0,0,0,0,0,0,0,0,0,0,0,0,0,0,0,0,0,0,0,0,0
2018,"Wyoming",0,0,0,0,0,0,0,0,0,0,0,0,0,0,43.0504,0,0,0,0,0,0,0,0,0,0,0,0,0,0,0,0,0,0,0,0,0,0,0,0,0,0,0,0,0,0,0,0,0,0,0,0,0,0,0
2018,"Puerto Rico",0,0,0,0,0,0,0,0,0,0,0,0,0,0,18.2208,0,0,0,0,0,0,0,0,0,0,0,0,0,0,0,0,0,0,0,0,0,0,0,0,0,0,0,0,0,0,0,0,0,0,0,0,0,0,0
2019,"Alabama",0,0,0,0,0,0,0,0,0,0,0,0,0,0,32.5901,0,0,0,0,0,0,0,0,0,0,0,0,0,0,0,0,0,0,0,0,0,0,0,0,0,0,0,0,0,0,0,0,0,0,0,0,0,0,0
2019,"Alaska",0,0,0,0,0,0,0,0,0,0,0,0,0,0,49.25,0,0,0,0,0,0,0,0,0,0,0,0,0,0,0,0,0,0,0,0,0,0,0,0,0,0,0,0,0,0,0,0,0,0,0,0,0,0,0
2019,"Arizona",0,0,0,0,0,0,0,0,0,0,0,0,0,0,34.2192,0,0,0,0,0,0,0,0,0,0,0,0,0,0,0,0,0,0,0,0,0,0,0,0,0,0,0,0,0,0,0,0,0,0,0,0,0,0,0
2019,"Arkansas",0,0,0,0,0,0,0,0,0,0,0,0,0,0,34.7336,0,0,0,0,0,0,0,0,0,0,0,0,0,0,0,0,0,0,0,0,0,0,0,0,0,0,0,0,0,0,0,0,0,0,0,0,0,0,0
2019,"California",0,0,0,0,0,0,0,0,0,0,0,0,0,0,36.5341,0,0,0,0,0,0,0,0,0,0,0,0,0,0,0,0,0,0,0,0,0,0,0,0,0,0,0,0,0,0,0,0,0,0,0,0,0,0,0
2019,"Colorado",0,0,0,0,0,0,0,0,0,0,0,0,0,0,38.6777,0,0,0,0,0,0,0,0,0,0,0,0,0,0,0,0,0,0,0,0,0,0,0,0,0,0,0,0,0,0,0,0,0,0,0,0,0,0,0
2019,"Connecticut",0,0,0,0,0,0,0,0,0,0,0,0,0,0,41.5928,0,0,0,0,0,0,0,0,0,0,0,0,0,0,0,0,0,0,0,0,0,0,0,0,0,0,0,0,0,0,0,0,0,0,0,0,0,0,0
2019,"Delaware",0,0,0,0,0,0,0,0,0,0,0,0,0,0,38.6777,0,0,0,0,0,0,0,0,0,0,0,0,0,0,0,0,0,0,0,0,0,0,0,0,0,0,0,0,0,0,0,0,0,0,0,0,0,0,0
2019,"District of Columbia",0,0,0,0,0,0,0,0,0,0,0,0,0,0,38.9072,0,0,0,0,0,0,0,0,0,0,0,0,0,0,0,0,0,0,0,0,0,0,0,0,0,0,0,0,0,0,0,0,0,0,0,0,0,0,0
2019,"Florida",0,0,0,0,0,0,0,0,0,0,0,0,0,0,27.8744,0,0,0,0,0,0,0,0,0,0,0,0,0,0,0,0,0,0,0,0,0,0,0,0,0,0,0,0,0,0,0,0,0,0,0,0,0,0,0
2019,"Georgia",0,0,0,0,0,0,0,0,0,0,0,0,0,0,32.3329,0,0,0,0,0,0,0,0,0,0,0,0,0,0,0,0,0,0,0,0,0,0,0,0,0,0,0,0,0,0,0,0,0,0,0,0,0,0,0
2019,"Hawaii",0,0,0,0,0,0,0,0,0,0,0,0,0,0,31.75,0,0,0,0,0,0,0,0,0,0,0,0,0,0,0,0,0,0,0,0,0,0,0,0,0,0,0,0,0,0,0,0,0,0,0,0,0,0,0
2019,"Idaho",0,0,0,0,0,0,0,0,0,0,0,0,0,0,43.5648,0,0,0,0,0,0,0,0,0,0,0,0,0,0,0,0,0,0,0,0,0,0,0,0,0,0,0,0,0,0,0,0,0,0,0,0,0,0,0
2019,"Illinois",0,0,0,0,0,0,0,0,0,0,0,0,0,0,40.0495,0,0,0,0,0,0,0,0,0,0,0,0,0,0,0,0,0,0,0,0,0,0,0,0,0,0,0,0,0,0,0,0,0,0,0,0,0,0,0
2019,"Indiana",0,0,0,0,0,0,0,0,0,0,0,0,0,0,40.0495,0,0,0,0,0,0,0,0,0,0,0,0,0,0,0,0,0,0,0,0,0,0,0,0,0,0,0,0,0,0,0,0,0,0,0,0,0,0,0
2019,"Iowa",0,0,0,0,0,0,0,0,0,0,0,0,0,0,41.9358,0,0,0,0,0,0,0,0,0,0,0,0,0,0,0,0,0,0,0,0,0,0,0,0,0,0,0,0,0,0,0,0,0,0,0,0,0,0,0
2019,"Kansas",0,0,0,0,0,0,0,0,0,0,0,0,0,0,38.4204,0,0,0,0,0,0,0,0,0,0,0,0,0,0,0,0,0,0,0,0,0,0,0,0,0,0,0,0,0,0,0,0,0,0,0,0,0,0,0
2019,"Kentucky",0,0,0,0,0,0,0,0,0,0,0,0,0,0,37.3915,0,0,0,0,0,0,0,0,0,0,0,0,0,0,0,0,0,0,0,0,0,0,0,0,0,0,0,0,0,0,0,0,0,0,0,0,0,0,0
2019,"Louisiana",0,0,0,0,0,0,0,0,0,0,0,0,0,0,30.6181,0,0,0,0,0,0,0,0,0,0,0,0,0,0,0,0,0,0,0,0,0,0,0,0,0,0,0,0,0,0,0,0,0,0,0,0,0,0,0
2019,"Maine",0,0,0,0,0,0,0,0,0,0,0,0,0,0,45.6226,0,0,0,0,0,0,0,0,0,0,0,0,0,0,0,0,0,0,0,0,0,0,0,0,0,0,0,0,0,0,0,0,0,0,0,0,0,0,0
2019,"Maryland",0,0,0,0,0,0,0,0,0,0,0,0,0,0,39.2778,0,0,0,0,0,0,0,0,0,0,0,0,0,0,0,0,0,0,0,0,0,0,0,0,0,0,0,0,0,0,0,0,0,0,0,0,0,0,0
2019,"Massachusetts",0,0,0,0,0,0,0,0,0,0,0,0,0,0,42.3645,0,0,0,0,0,0,0,0,0,0,0,0,0,0,0,0,0,0,0,0,0,0,0,0,0,0,0,0,0,0,0,0,0,0,0,0,0,0,0
2019,"Michigan",0,0,0,0,0,0,0,0,0,0,0,0,0,0,43.1361,0,0,0,0,0,0,0,0,0,0,0,0,0,0,0,0,0,0,0,0,0,0,0,0,0,0,0,0,0,0,0,0,0,0,0,0,0,0,0
2019,"Minnesota",0,0,0,0,0,0,0,0,0,0,0,0,0,0,46.3943,0,0,0,0,0,0,0,0,0,0,0,0,0,0,0,0,0,0,0,0,0,0,0,0,0,0,0,0,0,0,0,0,0,0,0,0,0,0,0
2019,"Mississippi",0,0,0,0,0,0,0,0,0,0,0,0,0,0,32.6758,0,0,0,0,0,0,0,0,0,0,0,0,0,0,0,0,0,0,0,0,0,0,0,0,0,0,0,0,0,0,0,0,0,0,0,0,0,0,0
2019,"Missouri",0,0,0,0,0,0,0,0,0,0,0,0,0,0,38.3347,0,0,0,0,0,0,0,0,0,0,0,0,0,0,0,0,0,0,0,0,0,0,0,0,0,0,0,0,0,0,0,0,0,0,0,0,0,0,0
2019,"Montana",0,0,0,0,0,0,0,0,0,0,0,0,0,0,46.823,0,0,0,0,0,0,0,0,0,0,0,0,0,0,0,0,0,0,0,0,0,0,0,0,0,0,0,0,0,0,0,0,0,0,0,0,0,0,0
2019,"Nebraska",0,0,0,0,0,0,0,0,0,0,0,0,0,0,41.3356,0,0,0,0,0,0,0,0,0,0,0,0,0,0,0,0,0,0,0,0,0,0,0,0,0,0,0,0,0,0,0,0,0,0,0,0,0,0,0
2019,"Nevada",0,0,0,0,0,0,0,0,0,0,0,0,0,0,39.1063,0,0,0,0,0,0,0,0,0,0,0,0,0,0,0,0,0,0,0,0,0,0,0,0,0,0,0,0,0,0,0,0,0,0,0,0,0,0,0
2019,"New Hampshire",0,0,0,0,0,0,0,0,0,0,0,0,0,0,43.3934,0,0,0,0,0,0,0,0,0,0,0,0,0,0,0,0,0,0,0,0,0,0,0,0,0,0,0,0,0,0,0,0,0,0,0,0,0,0,0
2019,"New Jersey",0,0,0,0,0,0,0,0,0,0,0,0,0,0,39.9637,0,0,0,0,0,0,0,0,0,0,0,0,0,0,0,0,0,0,0,0,0,0,0,0,0,0,0,0,0,0,0,0,0,0,0,0,0,0,0
2019,"New Mexico",0,0,0,0,0,0,0,0,0,0,0,0,0,0,34.4764,0,0,0,0,0,0,0,0,0,0,0,0,0,0,0,0,0,0,0,0,0,0,0,0,0,0,0,0,0,0,0,0,0,0,0,0,0,0,0
2019,"New York",0,0,0,0,0,0,0,0,0,0,0,0,0,0,43.1361,0,0,0,0,0,0,0,0,0,0,0,0,0,0,0,0,0,0,0,0,0,0,0,0,0,0,0,0,0,0,0,0,0,0,0,0,0,0,0
2019,"North Carolina",0,0,0,0,0,0,0,0,0,0,0,0,0,0,35.4195,0,0,0,0,0,0,0,0,0,0,0,0,0,0,0,0,0,0,0,0,0,0,0,0,0,0,0,0,0,0,0,0,0,0,0,0,0,0,0
2019,"North Dakota",0,0,0,0,0,0,0,0,0,0,0,0,0,0,47.2517,0,0,0,0,0,0,0,0,0,0,0,0,0,0,0,0,0,0,0,0,0,0,0,0,0,0,0,0,0,0,0,0,0,0,0,0,0,0,0
2019,"Ohio",0,0,0,0,0,0,0,0,0,0,0,0,0,0,40.221,0,0,0,0,0,0,0,0,0,0,0,0,0,0,0,0,0,0,0,0,0,0,0,0,0,0,0,0,0,0,0,0,0,0,0,0,0,0,0
2019,"Oklahoma",0,0,0,0,0,0,0,0,0,0,0,0,0,0,35.5053,0,0,0,0,0,0,0,0,0,0,0,0,0,0,0,0,0,0,0,0,0,0,0,0,0,0,0,0,0,0,0,0,0,0,0,0,0,0,0
2019,"Oregon",0,0,0,0,0,0,0,0,0,0,0,0,0,0,43.9078,0,0,0,0,0,0,0,0,0,0,0,0,0,0,0,0,0,0,0,0,0,0,0,0,0,0,0,0,0,0,0,0,0,0,0,0,0,0,0
2019,"Pennsylvania",0,0,0,0,0,0,0,0,0,0,0,0,0,0,40.9069,0,0,0,0,0,0,0,0,0,0,0,0,0,0,0,0,0,0,0,0,0,0,0,0,0,0,0,0,0,0,0,0,0,0,0,0,0,0,0
2019,"Rhode Island",0,0,0,0,0,0,0,0,0,0,0,0,0,0,41.5928,0,0,0,0,0,0,0,0,0,0,0,0,0,0,0,0,0,0,0,0,0,0,0,0,0,0,0,0,0,0,0,0,0,0,0,0,0,0,0
2019,"South Carolina",0,0,0,0,0,0,0,0,0,0,0,0,0,0,33.619,0,0,0,0,0,0,0,0,0,0,0,0,0,0,0,0,0,0,0,0,0,0,0,0,0,0,0,0,0,0,0,0,0,0,0,0,0,0,0
2019,"South Dakota",0,0,0,0,0,0,0,0,0,0,0,0,0,0,44.3365,0,0,0,0,0,0,0,0,0,0,0,0,0,0,0,0,0,0,0,0,0,0,0,0,0,0,0,0,0,0,0,0,0,0,0,0,0,0,0
2019,"Tennessee",0,0,0,0,0,0,0,0,0,0,0,0,0,0,35.6767,0,0,0,0,0,0,0,0,0,0,0,0,0,0,0,0,0,0,0,0,0,0,0,0,0,0,0,0,0,0,0,0,0,0,0,0,0,0,0
2019,"Texas",0,0,0,0,0,0,0,0,0,0,0,0,0,0,31.3897,0,0,0,0,0,0,0,0,0,0,0,0,0,0,0,0,0,0,0,0,0,0,0,0,0,0,0,0,0,0,0,0,0,0,0,0,0,0,0
2019,"Utah",0,0,0,0,0,0,0,0,0,0,0,0,0,0,39.1063,0,0,0,0,0,0,0,0,0,0,0,0,0,0,0,0,0,0,0,0,0,0,0,0,0,0,0,0,0,0,0,0,0,0,0,0,0,0,0
2019,"Vermont",0,0,0,0,0,0,0,0,0,0,0,0,0,0,44.2508,0,0,0,0,0,0,0,0,0,0,0,0,0,0,0,0,0,0,0,0,0,0,0,0,0,0,0,0,0,0,0,0,0,0,0,0,0,0,0
2019,"Virginia",0,0,0,0,0,0,0,0,0,0,0,0,0,0,37.563,0,0,0,0,0,0,0,0,0,0,0,0,0,0,0,0,0,0,0,0,0,0,0,0,0,0,0,0,0,0,0,0,0,0,0,0,0,0,0
2019,"Washington",0,0,0,0,0,0,0,0,0,0,0,0,0,0,47.4231,0,0,0,0,0,0,0,0,0,0,0,0,0,0,0,0,0,0,0,0,0,0,0,0,0,0,0,0,0,0,0,0,0,0,0,0,0,0,0
2019,"West Virginia",0,0,0,0,0,0,0,0,0,0,0,0,0,0,38.4204,0,0,0,0,0,0,0,0,0,0,0,0,0,0,0,0,0,0,0,0,0,0,0,0,0,0,0,0,0,0,0,0,0,0,0,0,0,0,0
2019,"Wisconsin",0,0,0,0,0,0,0,0,0,0,0,0,0,0,44.5937,0,0,0,0,0,0,0,0,0,0,0,0,0,0,0,0,0,0,0,0,0,0,0,0,0,0,0,0,0,0,0,0,0,0,0,0,0,0,0
2019,"Wyoming",0,0,0,0,0,0,0,0,0,0,0,0,0,0,43.0504,0,0,0,0,0,0,0,0,0,0,0,0,0,0,0,0,0,0,0,0,0,0,0,0,0,0,0,0,0,0,0,0,0,0,0,0,0,0,0
2019,"Puerto Rico",0,0,0,0,0,0,0,0,0,0,0,0,0,0,18.2208,0,0,0,0,0,0,0,0,0,0,0,0,0,0,0,0,0,0,0,0,0,0,0,0,0,0,0,0,0,0,0,0,0,0,0,0,0,0,0
